Date,Open,High,Low,Close,Adj Close,Volume
10/10/12,91.391426,92.139999,91,91.558571,82.724876,127589000
10/11/12,92.35714,92.457146,89.728569,89.728569,81.071426,136520300
10/12/12,89.937141,90.76857,89.328575,89.958572,81.279243,115003700
10/15/12,90.335716,90.732857,89.121429,90.68,81.931084,108125500
10/16/12,90.767143,92.900002,90.14286,92.827141,83.871056,137442900
10/17/12,92.695717,93.255714,92,92.087143,83.202446,97259400
10/18/12,91.370003,91.722855,90,90.377144,81.657455,119156100
10/19/12,90.150002,90.252853,87.08857,87.120003,78.714554,186021500
10/22/12,87.488571,90.76857,87.251427,90.575714,81.836838,136682700
10/23/12,90.14286,90.557144,87.385712,87.622856,79.168869,176786400
10/24/12,88.777145,89.507141,87.234283,88.118568,79.616783,139631800
10/25/12,88.571426,88.85714,86.507141,87.077141,78.675812,164081400
10/26/12,87.061432,87.714287,84.428574,86.285713,77.960747,254608200
10/31/12,84.982857,85.994286,83.957146,85.045715,76.840401,127500800
11/1/12,85.459999,86.14286,84.881432,85.220001,76.997864,90324500
11/2/12,85.127144,85.278572,82.10714,82.400002,74.449928,149843400
11/5/12,83.360001,83.96714,82.514282,83.517143,75.45929,132283900
11/6/12,84.318573,84.391426,82.870003,83.264282,75.230835,93729300
11/7/12,81.977142,82.077141,79.39286,79.714287,72.35231,198412200
11/8/12,80.089996,80.318573,76.470001,76.821426,69.726601,264036500
11/9/12,77.202858,79.26857,76.245712,78.151428,70.933784,232478400
11/12/12,79.164284,79.214287,76.949997,77.547142,70.385323,128950500
11/13/12,76.987144,78.639999,76.622856,77.557144,70.394394,133237300
11/14/12,77.928574,78.207146,76.597145,76.697144,69.613815,119292600
11/15/12,76.790001,77.071426,74.660004,75.08857,68.153778,197477700
11/16/12,75.028572,75.714287,72.25,75.382858,68.420891,316723400
11/19/12,77.244286,81.071426,77.125717,80.818573,73.354591,205829400
11/20/12,81.701431,81.707146,79.225716,80.129997,72.729614,160688500
11/21/12,80.60714,81.052856,79.514282,80.242859,72.832069,93250500
11/23/12,81.024284,81.714287,80.371429,81.64286,74.10276,68206600
11/26/12,82.271431,84.285713,81.958572,84.218575,76.440598,157644900
11/27/12,84.221428,84.345711,82.871429,83.540001,75.824707,133332500
11/28/12,82.46714,83.685715,81.751427,83.277145,75.586121,130216100
11/29/12,84.317146,84.89286,83.60714,84.194283,76.418556,128674700
11/30/12,83.827141,84.057144,83.239998,83.611427,75.889534,97829900
12/3/12,84.807144,84.941429,83.64286,83.741432,76.007523,91070000
12/4/12,83.114288,83.114288,81.732857,82.264282,74.666801,139267100
12/5/12,81.272858,81.321426,76.96714,76.970001,69.861458,261159500
12/6/12,75.562859,79.044289,74.089996,78.177139,70.957123,294303100
12/7/12,79.057144,79.314285,75.714287,76.178574,69.143127,196760200
12/10/12,75,76.93,74.511429,75.688568,68.69838,157621100
12/11/12,77.110001,78.508568,76.767143,77.341431,70.198608,148086400
12/12/12,78.252853,78.285713,76.610001,77,69.88871,121786000
12/13/12,75.878571,76.805717,75.114288,75.669998,68.681526,156314900
12/14/12,73.535713,74.01857,72.225716,72.827141,66.101234,252394800
12/17/12,72.704285,74.285713,71.604286,74.118568,67.273369,189401800
12/18/12,75,76.414284,74.321426,76.271431,69.227417,156421300
12/19/12,75.924286,76.242859,75.071426,75.187141,68.243271,112342300
12/20/12,75.714287,75.742859,74.125717,74.53286,67.649422,120422400
12/21/12,73.209999,74.238571,72.891426,74.190002,67.338219,149067100
12/24/12,74.335716,74.89286,74.101425,74.309998,67.447121,43938300
12/26/12,74.14286,74.208572,73.017143,73.285713,66.517448,75609100
12/27/12,73.362854,73.75,72.094284,73.580002,66.784554,113780100
12/28/12,72.898575,73.497147,72.58857,72.798569,66.075279,88569600
12/31/12,72.932854,76.485718,72.714287,76.024284,69.003082,164873100
1/2/13,79.117142,79.285713,77.375717,78.432854,71.189217,140129500
1/3/13,78.26857,78.524284,77.285713,77.442856,70.290649,88241300
1/4/13,76.709999,76.947144,75.118568,75.285713,68.332726,148583400
1/7/13,74.571426,75.614288,73.599998,74.842857,67.930763,121039100
1/8/13,75.601425,75.984283,74.464287,75.044289,68.113594,114676800
1/9/13,74.64286,75.001427,73.71286,73.871429,67.049049,101901100
1/10/13,75.507141,75.531425,73.645714,74.78714,67.880211,150286500
1/11/13,74.428574,75.045715,74.145714,74.328575,67.463989,87626700
1/14/13,71.811432,72.5,71.215714,71.678574,65.058731,183551900
1/15/13,71.185715,71.284286,69.054283,69.417145,63.006161,219193100
1/16/13,70.662857,72.777145,70.35714,72.298569,65.621475,172701200
1/17/13,72.901428,72.964287,71.718575,71.811432,65.179306,113419600
1/18/13,71.21714,71.745712,70.914284,71.428574,64.831818,118230700
1/22/13,72.080002,72.554283,70.947144,72.110001,65.450302,115386600
1/23/13,72.687141,73.57,72.110001,73.43,66.648407,215377400
1/24/13,65.714287,66.53286,64.321426,64.35714,58.413467,365213100
1/25/13,64.527145,65.175713,62.142857,62.84,57.036427,302006600
1/28/13,62.547142,64.744286,62.265713,64.261429,58.326584,196379400
1/29/13,65.5,65.742859,64.58857,65.46714,59.420944,142789500
1/30/13,65.285713,66.085716,64.928574,65.261429,59.234215,104288800
1/31/13,65.28286,65.611427,64.997147,65.07,59.060482,79833600
2/1/13,65.587143,65.639999,64.050003,64.802856,58.818024,134871100
2/4/13,64.844284,65.134285,63.142857,63.188572,57.35281,119279300
2/5/13,63.435715,65.677139,63.174286,65.405716,59.365196,143336900
2/6/13,65.209999,66.64286,64.654289,65.335716,59.301662,148426600
2/7/13,66.178574,67.14286,64.874283,66.888573,61.064934,176145200
2/8/13,67.714287,68.401428,66.89286,67.854286,61.946575,158289600
2/11/13,68.071426,69.277145,67.60714,68.561432,62.592148,129372600
2/12/13,68.501427,68.91143,66.82,66.842857,61.023197,152263300
2/13/13,66.744286,67.662857,66.174286,66.715714,60.90712,118801900
2/14/13,66.360001,67.377144,66.288574,66.655716,60.852345,88818800
2/15/13,66.978569,67.165718,65.702858,65.737144,60.013752,97936300
2/19/13,65.871429,66.104286,64.835716,65.71286,59.991589,108945900
2/20/13,65.384285,65.384285,64.114288,64.121429,58.538708,119075600
2/21/13,63.714287,64.167145,63.259998,63.722858,58.174831,111795600
2/22/13,64.178574,64.514282,63.799999,64.401428,58.794319,82663700
2/25/13,64.835716,65.017143,63.224285,63.257141,57.749676,93144800
2/26/13,63.402859,64.505714,62.522858,64.138573,58.554363,125374900
2/27/13,64.061432,64.634285,62.950001,63.509998,57.980515,146837600
2/28/13,63.435715,63.98143,63.057144,63.057144,57.567085,80628800
3/1/13,62.57143,62.597141,61.425713,61.495716,56.141605,138112100
3/4/13,61.114285,61.171429,59.857143,60.007141,54.782627,145688900
3/5/13,60.21143,62.169998,60.107143,61.591427,56.228977,159608400
3/6/13,62.072857,62.17857,60.632858,60.808571,55.514275,115062500
3/7/13,60.642857,61.715714,60.151428,61.511429,56.155945,117118400
3/8/13,61.400002,62.204285,61.23,61.674286,56.304623,97870500
3/11/13,61.392857,62.715714,60.734287,62.552856,57.106697,118559000
3/12/13,62.228573,62.697144,61.081429,61.204285,55.875538,116477900
3/13/13,61.207142,62.07143,60.765713,61.192856,55.865105,101387300
3/14/13,61.832859,62.091427,61.492859,61.785713,56.406349,75968900
3/15/13,62.561428,63.46143,62.464287,63.380001,57.861835,160990200
3/18/13,63.064285,65.351425,63.028572,65.102859,59.434692,151549300
3/19/13,65.64286,65.852859,64.071426,64.927139,59.274273,131693800
3/20/13,65.345711,65.375717,64.227142,64.582855,58.959965,77165200
3/21/13,64.317146,65.425713,64.300003,64.675713,59.044731,95813900
3/22/13,64.940002,66.014282,64.730003,65.987144,60.241993,98776300
3/25/13,66.384285,67.135712,65.968575,66.225716,60.459785,125283900
3/26/13,66.491432,66.548569,65.790001,65.877144,60.141571,73573500
3/27/13,65.208572,65.257141,64.389999,64.582855,58.959965,82809300
3/28/13,64.260002,64.545715,63.08857,63.237144,57.731411,110709900
4/1/13,63.128571,63.385715,61.105713,61.272858,55.938145,97433000
4/2/13,61.085712,62.591427,60.914288,61.398571,56.052906,132379800
4/3/13,61.624287,62.468571,61.472858,61.712856,56.339832,90804000
4/4/13,61.965714,62.142857,60.75,61.102856,55.78294,89611900
4/5/13,60.642857,60.707142,59.954285,60.457142,55.193451,95923800
4/8/13,60.692856,61.07143,60.355713,60.887142,55.586014,75207300
4/9/13,60.908573,61.214287,60.392857,60.997143,55.686432,76653500
4/10/13,61.157143,62.437141,60.85857,62.241428,56.82238,93982000
4/11/13,61.959999,62.57,61.599998,62.047142,56.645012,82091100
4/12/13,62.021427,62.021427,61.298573,61.400002,56.054222,59653300
4/15/13,61,61.127144,59.935715,59.978573,54.756546,79380000
4/16/13,60.224285,60.944286,60.081429,60.89143,55.589924,76442800
4/17/13,60.03857,60.085712,56.872856,57.542858,52.532906,236264000
4/18/13,57.855713,57.970001,55.677143,56.007141,51.130882,166574800
4/19/13,55.424286,57.085712,55.014286,55.790001,50.932652,152318600
4/22/13,56.091427,57.457142,55.895714,56.952858,51.99427,107480100
4/23/13,57.712856,58.34,56.972858,58.01857,52.96719,166059600
4/24/13,56.220001,59.32143,56.07143,57.922855,52.879807,242412800
4/25/13,58.747143,59.134285,58.142857,58.34,53.260632,96209400
4/26/13,58.544285,59.824287,58.32143,59.599998,54.410934,191024400
4/29/13,60.064285,61.945713,60,61.445713,56.095947,160081600
4/30/13,62.157143,63.607143,61.724285,63.254284,57.747059,172884600
5/1/13,63.494286,63.561428,62.055714,62.755714,57.291889,126727300
5/2/13,63.111427,64.084282,62.947144,63.645714,58.104408,105457100
5/3/13,64.472855,64.747147,64.164284,64.28286,58.686077,90325200
5/6/13,65.101425,66.028572,64.901428,65.815712,60.085476,124160400
5/7/13,66.424286,66.535713,64.814285,65.522858,59.818127,120938300
5/8/13,65.577141,66.48143,65.115715,66.262856,60.49369,118149500
5/9/13,65.687141,66.14286,65.082855,65.252853,59.965931,99621900
5/10/13,65.424286,65.672859,64.354286,64.709999,59.46706,83713000
5/13/13,64.501427,65.414284,64.5,64.96286,59.699432,79237200
5/14/13,64.835716,65.028572,63.164288,63.408573,58.271084,111779500
5/15/13,62.737144,63,60.337143,61.264286,56.300522,185403400
5/16/13,60.462856,62.549999,59.842857,62.082859,57.05278,150801000
5/17/13,62.721428,62.869999,61.572857,61.894287,56.879478,106976100
5/20/13,61.701427,63.685715,61.442856,63.275715,58.148987,112894600
5/21/13,62.592857,63.639999,62.028572,62.808571,57.719688,114005500
5/22/13,63.435715,64.050003,62.602856,63.049999,57.941555,110759600
5/23/13,62.278572,63.737144,62.255714,63.162857,58.045265,88255300
5/24/13,62.978573,63.665714,62.908573,63.592857,58.440422,69041700
5/28/13,64.271431,64.444283,62.978573,63.062859,57.953369,96536300
5/29/13,62.857143,63.92857,62.771427,63.564285,58.414173,82644100
5/30/13,63.664288,64.928574,63.501427,64.511429,59.284576,88379900
5/31/13,64.64286,65.300003,64.214287,64.247147,59.04171,96075700
6/3/13,64.389999,64.622856,63.21143,64.388573,59.171677,93088100
6/4/13,64.745712,64.918571,63.912857,64.187141,58.986561,73182200
6/5/13,63.664288,64.388573,63.387142,63.587143,58.435165,72647400
6/6/13,63.638573,63.857143,62.007141,62.637142,57.562145,104233500
6/7/13,62.357143,63.32,61.824287,63.115715,58.001949,101133900
6/10/13,63.532856,64.154289,62.400002,62.69857,57.618603,112538300
6/11/13,62.248573,63.251427,61.902859,62.514286,57.449242,71528100
6/12/13,62.785713,63.035713,61.642857,61.741428,56.739006,66306800
6/13/13,61.785713,62.44857,61.25,62.279999,57.233936,71458100
6/14/13,62.200001,62.327145,61.214287,61.435715,56.458061,67966500
6/17/13,61.634285,62.242859,61.48,61.714287,56.714069,64853600
6/18/13,61.651428,62.128571,61.458572,61.681427,56.683868,48756400
6/19/13,61.628571,61.665714,60.42857,60.42857,55.532516,77735000
6/20/13,59.900002,60.854286,59.310001,59.548573,54.72382,89327700
6/21/13,59.784286,60,58.299999,59.07143,54.285336,120279600
6/24/13,58.200001,58.380001,56.864285,57.505714,52.846478,120186500
6/25/13,57.957142,58.255714,56.975716,57.51857,52.858284,78540700
6/26/13,57.700001,57.827145,56.522858,56.867142,52.259644,91931000
6/27/13,57.035713,57.341427,56.220001,56.254284,51.69643,84311500
6/28/13,55.908573,57.181427,55.552856,56.647144,52.057472,144629100
7/1/13,57.527142,58.895714,57.317142,58.459999,53.723442,97763400
7/2/13,58.565716,60.232857,58.495716,59.784286,54.940434,117466300
7/3/13,60.122856,60.425713,59.635715,60.114285,55.243694,60232200
7/5/13,60.055714,60.470001,59.335712,59.631428,54.799957,68506200
7/8/13,60.015713,60.142857,58.664288,59.292858,54.488823,74534600
7/9/13,59.085712,60.5,58.625713,60.335712,55.447182,88146100
7/10/13,59.942856,60.685715,59.75,60.104286,55.234512,70351400
7/11/13,60.421429,61.17857,60.167141,61.041428,56.095722,81573100
7/12/13,61.092857,61.398571,60.487144,60.93,55.993324,69890800
7/15/13,60.715714,61.637142,60.685715,61.062859,56.115402,60479300
7/16/13,60.931427,61.529999,60.595715,61.457142,56.477757,54134500
7/17/13,61.385715,61.745716,61.174286,61.472858,56.492199,49747600
7/18/13,61.91143,62.124287,61.515713,61.68,56.682552,54719700
7/19/13,61.871429,61.997143,60.621429,60.707142,55.788513,67180400
7/22/13,61.351429,61.392857,60.781429,60.901428,55.967068,51949100
7/23/13,60.857143,60.994286,59.815716,59.855713,55.006069,92348900
7/24/13,62.704285,63.512856,62.18,62.93,57.831276,147984200
7/25/13,62.957142,63.057144,62.258572,62.642857,57.567394,57373400
7/26/13,62.185715,63.005714,62.048573,62.998573,57.894299,50038100
7/29/13,62.971428,64.284286,62.885715,63.970001,58.787022,62014400
7/30/13,64.279999,65.307144,64.175713,64.760002,59.513016,77355600
7/31/13,64.998573,65.334282,64.204285,64.647141,59.409294,80739400
8/1/13,65.10714,65.257141,64.751427,65.239998,59.954109,51562700
8/2/13,65.43,66.121429,65.237144,66.077141,60.723431,68695900
8/5/13,66.384285,67.238571,66.021431,67.064285,61.630589,79713900
8/6/13,66.860001,67.412857,66.024284,66.464287,61.079197,83714400
8/7/13,66.257141,66.714287,65.96714,66.425713,61.043766,74714500
8/8/13,66.265717,66.300003,65.421425,65.858574,60.922184,63944300
8/9/13,65.519997,65.779999,64.807144,64.921425,60.055271,66716300
8/12/13,65.265717,66.949997,65.232857,66.765717,61.761326,91108500
8/13/13,67.277145,70.665718,66.864288,69.938568,64.696358,220485300
8/14/13,71.125717,72.035713,70.485718,71.214287,65.876465,189093100
8/15/13,70.917145,71.771431,69.868568,71.129997,65.798477,122573500
8/16/13,71.449997,71.848572,71.265717,71.761429,66.382607,90576500
8/19/13,72.048569,73.391426,72,72.534286,67.097527,127629600
8/20/13,72.815712,72.938568,71.545715,71.581429,66.216072,89672100
8/21/13,71.941429,72.449997,71.599998,71.765717,66.386559,83969900
8/22/13,72.139999,72.227142,71.171425,71.851425,66.465851,61051900
8/23/13,71.895714,71.907143,71.335716,71.574287,66.209473,55682900
8/26/13,71.535713,72.885712,71.5,71.852859,66.467178,82741400
8/27/13,71.14286,71.78714,69.471428,69.798569,64.566856,106047200
8/28/13,69.428574,70.828575,69.428574,70.128571,64.872116,76902000
8/29/13,70.235718,70.928574,70.16143,70.242859,64.977844,59914400
8/30/13,70.285713,70.421425,69.5,69.602859,64.385818,68074300
9/3/13,70.442856,71.514282,69.621429,69.797142,64.565536,82982200
9/4/13,71.365715,71.748573,70.897141,71.241432,65.901581,86258200
9/5/13,71.464287,71.525711,70.519997,70.752853,65.449631,59091900
9/6/13,71.205711,71.339996,69.992859,71.174286,65.839439,89881400
9/9/13,72.14286,72.559998,71.925713,72.309998,66.89003,85171800
9/10/13,72.314285,72.492859,69.928574,70.662857,65.366356,185798900
9/11/13,66.715714,67.669998,66.401428,66.815712,61.807571,224674100
9/12/13,66.928574,67.914284,66.572861,67.527145,62.465687,101012800
9/13/13,67.048569,67.404289,66.385712,66.414284,61.436237,74708900
9/16/13,65.85714,65.944283,63.888573,64.302856,59.48307,135926700
9/17/13,63.994286,65.672859,63.92857,65.045715,60.170254,99845200
9/18/13,66.168571,66.621429,65.808571,66.382858,61.407166,114215500
9/19/13,67.242859,67.975716,67.035713,67.471428,62.414135,101135300
9/20/13,68.285713,68.364288,66.571426,66.772858,61.767937,174825700
9/23/13,70.871429,70.987144,68.942856,70.091431,64.837769,190526700
9/24/13,70.697144,70.781425,69.688568,69.871429,64.634262,91086100
9/25/13,69.885712,69.94857,68.775711,68.790001,63.633884,79239300
9/26/13,69.428574,69.794289,69.128571,69.459999,64.253662,59305400
9/27/13,69.111427,69.238571,68.674286,68.964287,63.795109,57010100
9/30/13,68.178574,68.808571,67.772858,68.10714,63.002205,65039100
10/1/13,68.349998,69.877144,68.339996,69.708572,64.483612,88470900
10/2/13,69.375717,70.257141,69.10714,69.937141,64.69503,72296000
10/3/13,70.072861,70.335716,68.677139,69.058571,63.88232,80688300
10/4/13,69.122856,69.228569,68.371429,69.004288,63.832119,64717100
10/7/13,69.508568,70.378571,69.335716,69.678574,64.455856,78073100
10/8/13,69.991432,70.091431,68.648575,68.705711,63.555908,72729300
10/9/13,69.234283,69.684288,68.325714,69.512856,64.302559,75431300
10/10/13,70.188568,70.339996,69.577141,69.94857,64.705612,69650700
10/11/13,69.57,70.548569,69.308571,70.401428,65.124519,66934700
10/14/13,69.975716,71.082855,69.907143,70.862854,65.551369,65474500
10/15/13,71.072861,71.714287,70.788574,71.239998,65.900238,80018400
10/16/13,71.541428,71.790001,71.318573,71.587143,66.221367,62775300
10/17/13,71.425713,72.111427,71.382858,72.071426,66.669342,63398300
10/18/13,72.284286,72.751427,72.244286,72.69857,67.249496,72635500
10/21/13,73.110001,74.900002,73.074287,74.480003,68.897377,99526700
10/22/13,75.201431,75.492859,72.575714,74.267143,68.700493,133515900
10/23/13,74.14286,75.095711,74.14286,74.994286,69.373138,78430800
10/24/13,75,76.067146,74.635712,75.987144,70.291588,96191200
10/25/13,75.902855,76.175713,75.015717,75.137146,69.50528,84448000
10/28/13,75.577141,75.85714,74.744286,75.697144,70.0233,137610200
10/29/13,76.610001,77.035713,73.505714,73.811432,68.278938,158951800
10/30/13,74.230003,75.360001,73.860001,74.985718,69.365204,88540900
10/31/13,75,75.355713,74.46714,74.671425,69.074471,68924100
11/1/13,74.860001,74.971428,73.691429,74.290001,68.721642,68722500
11/4/13,74.442856,75.260002,74.115715,75.25,69.609665,61156900
11/5/13,74.940002,75.555717,74.714287,75.064285,69.437889,66303300
11/6/13,74.878571,74.980003,74.028572,74.417145,69.241165,55843900
11/7/13,74.225716,74.741432,73.197144,73.21286,68.120621,65655100
11/8/13,73.511429,74.447144,73.227142,74.365715,69.193314,69829200
11/11/13,74.284286,74.524284,73.487144,74.150002,68.992599,56863100
11/12/13,73.952858,74.845711,73.85714,74.28714,69.120201,51069200
11/13/13,74,74.60714,73.851425,74.375717,69.202599,49305200
11/14/13,74.687141,75.611427,74.552856,75.451431,70.203514,70604800
11/15/13,75.225716,75.584282,74.927139,74.998573,69.782166,79480100
11/18/13,74.998573,75.312859,74.028572,74.089996,68.936768,61236000
11/19/13,74.147141,74.76857,73.995712,74.221428,69.059044,52234700
11/20/13,74.175713,74.345711,73.475716,73.571426,68.454254,48479200
11/21/13,73.942856,74.458572,73.381432,74.44857,69.270386,65506700
11/22/13,74.21714,74.594284,74.075714,74.257141,69.092285,55931400
11/25/13,74.431427,75.124283,74.428574,74.82,69.61599,57327900
11/26/13,74.874283,76.591431,74.85714,76.199997,70.900009,100345700
11/27/13,76.615715,78,76.199997,77.994286,72.569504,90862100
11/29/13,78.497147,79.761429,78.258568,79.438568,73.91333,79531900
12/2/13,79.714287,80.618568,78.688568,78.747147,73.269989,118136200
12/3/13,79.757141,80.91143,79.668571,80.902855,75.275764,112742000
12/4/13,80.785713,81.312859,80.117142,80.714287,75.100319,94452400
12/5/13,81.807144,82.162857,80.915718,81.128571,75.485786,111895000
12/6/13,80.827141,80.964287,79.938568,80.002853,74.438362,86088100
12/9/13,80.128571,81.368568,80.128571,80.918571,75.29039,80123400
12/10/13,80.511429,81.125717,80.171425,80.792854,75.173416,69567400
12/11/13,81,81.567146,79.955711,80.194283,74.616478,89929700
12/12/13,80.305717,80.762856,80.004288,80.077141,74.507477,65572500
12/13/13,80.407143,80.41143,79.095711,79.204285,73.695343,83205500
12/16/13,79.288574,80.377144,79.28714,79.64286,74.103409,70648200
12/17/13,79.401428,79.919998,79.054283,79.284286,73.769768,57475600
12/18/13,78.528572,78.778572,76.971428,78.681427,73.208862,141465800
12/19/13,78.5,78.571426,77.675713,77.779999,72.370117,80077200
12/20/13,77.918571,78.80143,77.831429,78.431427,72.976242,109103400
12/23/13,81.14286,81.531425,80.394287,81.441429,75.776878,125326600
12/24/13,81.412857,81.697144,80.861427,81.095711,75.455193,41888700
12/26/13,81.157143,81.35714,80.482857,80.557144,74.954094,51002000
12/27/13,80.545715,80.629997,79.928574,80.012856,74.44767,56471100
12/30/13,79.637146,80.012856,78.902855,79.21714,73.707298,63407400
12/31/13,79.167145,80.182854,79.14286,80.145714,74.571281,55771100
1/2/14,79.382858,79.575714,78.860001,79.01857,73.52253,58671200
1/3/14,78.980003,79.099998,77.204285,77.28286,71.907555,98116900
1/6/14,76.778572,78.114288,76.228569,77.704285,72.299644,103152700
1/7/14,77.760002,77.994286,76.845711,77.148575,71.782608,79302300
1/8/14,76.972855,77.937141,76.955711,77.637146,72.23719,64632400
1/9/14,78.114288,78.122856,76.478569,76.645714,71.314728,69787200
1/10/14,77.118568,77.257141,75.872856,76.134285,70.838882,76244000
1/13/14,75.701431,77.5,75.697144,76.53286,71.209717,94623200
1/14/14,76.888573,78.104286,76.808571,78.055717,72.626656,83140400
1/15/14,79.074287,80.028572,78.808571,79.622856,74.084801,97909700
1/16/14,79.271431,79.550003,78.811432,79.178574,73.671394,57319500
1/17/14,78.78286,78.867142,77.128571,77.238571,71.866348,106684900
1/21/14,77.284286,78.581429,77.202858,78.438568,72.982872,82131700
1/22/14,78.701431,79.612854,78.258568,78.78714,73.307205,94996300
1/23/14,78.562859,79.5,77.830002,79.454285,73.927948,100809800
1/24/14,79.14286,79.374283,77.821426,78.010002,72.584122,107338700
1/27/14,78.581429,79.257141,77.964287,78.64286,73.172943,138719700
1/28/14,72.68,73.571426,71.724289,72.35714,67.324432,266380800
1/29/14,71.992859,72.48143,71.23143,71.535713,66.560143,125702500
1/30/14,71.791428,72.35714,70.957146,71.397141,66.431213,169625400
1/31/14,70.739998,71.647141,70.507141,71.514282,66.540199,116199300
2/3/14,71.80143,72.53286,71.328575,71.647141,66.663811,100366000
2/4/14,72.264282,72.779999,71.822861,72.684288,67.62883,94170300
2/5/14,72.365715,73.611427,72.321426,73.227142,68.133934,82086200
2/6/14,72.865715,73.35714,72.544289,73.215714,68.531052,64441300
2/7/14,74.482857,74.704285,73.91143,74.239998,69.489799,92570100
2/10/14,74.094284,75.998573,74,75.57,70.734695,86389800
2/11/14,75.80143,76.821426,75.64286,76.565712,71.666718,70564200
2/12/14,76.707146,77.080002,76.177139,76.559998,71.661362,77025200
2/13/14,76.379997,77.835716,76.314285,77.775711,72.799271,76849500
2/14/14,77.495712,77.997147,77.315712,77.71286,72.740463,68231100
2/18/14,78,78.741432,77.944283,77.998573,73.007904,65062900
2/19/14,77.821426,78.127144,76.335716,76.767143,71.855263,78442000
2/20/14,76.141426,76.714287,75.571426,75.878571,71.023521,76464500
2/21/14,76.112854,76.367142,74.942856,75.035713,70.234596,69696200
2/24/14,74.735718,75.702858,74.631432,75.364288,70.542152,72227400
2/25/14,75.625717,75.652855,74.428574,74.580002,69.808067,57988000
2/26/14,74.80143,75,73.657143,73.907143,69.178246,69054300
2/27/14,73.877144,75.540001,73.721428,75.381432,70.558205,75470500
2/28/14,75.582855,76.10714,74.58857,75.177139,70.366982,92992200
3/3/14,74.774284,75.807144,74.687141,75.394287,70.570236,59695300
3/4/14,75.85714,76.091431,75.395714,75.891426,71.035568,64785000
3/5/14,75.845711,76.39286,75.589996,76.05143,71.185341,50015700
3/6/14,76.112854,76.348572,75.442856,75.821426,70.970055,46372200
3/7/14,75.870003,75.997147,75.150002,75.777145,70.928604,55182400
3/10/14,75.480003,76.190002,75.477142,75.845711,70.992775,44646000
3/11/14,76.492859,76.96286,76.084282,76.584282,71.684082,69806100
3/12/14,76.358574,76.764282,76,76.658569,71.753624,49831600
3/13/14,76.777145,77.094284,75.594284,75.807144,70.956673,64435700
3/14/14,75.541428,75.841431,74.714287,74.955711,70.159729,59299800
3/17/14,75.385712,75.709999,75.121429,75.248573,70.433861,49886200
3/18/14,75.128571,75.995712,75.028572,75.914284,71.056946,52411800
3/19/14,76.03714,76.605713,75.571426,75.894287,71.038239,56189000
3/20/14,75.69857,76.095711,75.335716,75.528572,70.695923,52099600
3/21/14,75.989998,76.25,75.190002,76.124283,71.253517,93511600
3/24/14,76.917145,77.214287,76.437141,77.027145,72.098618,88925200
3/25/14,77.35714,77.964287,77.084282,77.855713,72.874161,70573300
3/26/14,78.074287,78.428574,76.980003,77.111427,72.177513,74942000
3/27/14,77.145714,77.35714,76.445717,76.779999,71.867294,55507900
3/28/14,76.902855,76.991432,76.321426,76.694283,71.787056,50141000
3/31/14,77.03286,77.258568,76.561432,76.677139,71.770996,42167300
4/1/14,76.822861,77.410004,76.681427,77.378571,72.427544,50190000
4/2/14,77.482857,77.639999,77.18,77.507141,72.547905,45105200
4/3/14,77.341431,77.5,76.805717,76.970001,72.045128,40586000
4/4/14,77.115715,77.14286,75.797142,75.974289,71.113136,68812800
4/7/14,75.431427,75.842857,74.555717,74.781425,69.996613,72462600
4/8/14,75.027145,75.160004,74.099998,74.777145,69.992584,60972100
4/9/14,74.662857,75.784286,74.574287,75.760002,70.91256,51542400
4/10/14,75.811432,76.034286,74.738571,74.78286,69.99794,59913000
4/11/14,74.14286,74.690002,73.877144,74.230003,69.480453,67929400
4/14/14,74.557144,74.594284,73.887146,74.525711,69.75724,51418500
4/15/14,74.324287,74.519997,73.047142,73.994286,69.259811,66622500
4/16/14,74.007141,74.441429,73.44857,74.144287,69.400215,53691400
4/17/14,74.285713,75.394287,74.171425,74.991432,70.193161,71083600
4/21/14,75.048569,76.019997,74.851425,75.881432,71.026222,45637200
4/22/14,75.472855,75.975716,75.214287,75.957146,71.097084,50640800
4/23/14,75.580002,75.875717,74.921425,74.964287,70.167747,98735000
4/24/14,81.172859,81.428574,80.104286,81.110001,75.920242,189977900
4/25/14,80.647141,81.71286,80.565712,81.705711,76.477829,97568800
4/28/14,81.828575,85.10714,81.792854,84.870003,79.439636,167371400
4/29/14,84.82,85.139999,84.215714,84.618568,79.204292,84344400
4/30/14,84.662857,85.632858,84.257141,84.298569,78.904778,114160200
5/1/14,84.571426,84.971428,83.765717,84.497147,79.09066,61012000
5/2/14,84.620003,84.885712,84.244286,84.654289,79.23774,47878600
5/5/14,84.305717,85.85714,84.285713,85.851425,80.358292,71766800
5/6/14,85.971428,86.344284,84.915718,84.915718,79.482452,93641100
5/7/14,85.035713,85.327141,83.961426,84.618568,79.204292,70716100
5/8/14,84.035713,84.915718,83.771431,83.998573,79.063126,57574300
5/9/14,83.505714,83.75,82.904289,83.648575,78.733696,72899400
5/12/14,83.927139,84.808571,83.914284,84.690002,79.713921,53302200
5/13/14,84.571426,84.934288,84.385712,84.822861,79.838974,39934300
5/14/14,84.632858,85.342857,84.534286,84.83857,79.85376,41601000
5/15/14,84.957146,85.228569,84.005714,84.117142,79.174721,57711500
5/16/14,84.089996,85.361427,83.628571,85.358574,80.343224,69064100
5/19/14,85.407143,86.761429,85.332855,86.370003,81.295219,79438800
5/20/14,86.358574,86.628571,85.818573,86.387146,81.311363,58709000
5/21/14,86.261429,86.671425,86.008568,86.615715,81.526489,49214900
5/22/14,86.657143,87.121429,86.300003,86.752853,81.655579,50190000
5/23/14,86.75,87.818573,86.638573,87.732857,82.578003,58052400
5/27/14,87.982857,89.408569,87.947144,89.375717,84.124321,87216500
5/28/14,89.431427,89.975716,89.111427,89.144287,83.906494,78870400
5/29/14,89.692856,90.98143,89.681427,90.76857,85.435349,94118500
5/30/14,91.139999,92.024284,89.842857,90.428574,85.115334,141005200
6/2/14,90.565712,90.690002,88.928574,89.807144,84.530403,92337700
6/3/14,89.779999,91.248573,89.75,91.077141,85.725792,73177300
6/4/14,91.062859,92.555717,90.872856,92.117142,86.704674,83870500
6/5/14,92.314285,92.767143,91.80143,92.478569,87.044861,75951400
6/6/14,92.842857,93.03714,92.067146,92.224289,86.805527,87484600
6/9/14,92.699997,93.879997,91.75,93.699997,88.194534,75415000
6/10/14,94.730003,95.050003,93.57,94.25,88.712196,62777000
6/11/14,94.129997,94.760002,93.470001,93.860001,88.345131,45681000
6/12/14,94.040001,94.120003,91.900002,92.290001,86.867378,54749000
6/13/14,92.199997,92.440002,90.879997,91.279999,85.91671,54525000
6/16/14,91.510002,92.75,91.449997,92.199997,86.782669,35561000
6/17/14,92.309998,92.699997,91.800003,92.080002,86.669724,29726000
6/18/14,92.269997,92.290001,91.349998,92.18,86.76384,33514000
6/19/14,92.290001,92.300003,91.339996,91.860001,86.462639,35528000
6/20/14,91.849998,92.550003,90.900002,90.910004,85.568466,100898000
6/23/14,91.32,91.620003,90.599998,90.830002,85.493149,43694000
6/24/14,90.75,91.739998,90.190002,90.279999,84.975479,39036000
6/25/14,90.209999,90.699997,89.650002,90.360001,85.050781,36869000
6/26/14,90.370003,91.050003,89.800003,90.900002,85.559052,32629000
6/27/14,90.82,92,90.769997,91.980003,86.5756,64029000
6/30/14,92.099998,93.730003,92.089996,92.93,87.46978,49482300
7/1/14,93.519997,94.07,93.129997,93.519997,88.025101,38223000
7/2/14,93.870003,94.059998,93.089996,93.480003,87.987465,28465000
7/3/14,93.669998,94.099998,93.199997,94.029999,88.505142,22891800
7/7/14,94.139999,95.989998,94.099998,95.970001,90.331161,56468000
7/8/14,96.269997,96.800003,93.919998,95.349998,89.747581,65222000
7/9/14,95.440002,95.949997,94.760002,95.389999,89.785233,36436000
7/10/14,93.760002,95.550003,93.519997,95.040001,89.455788,39686000
7/11/14,95.360001,95.889999,94.860001,95.220001,89.625221,34018000
7/14/14,95.860001,96.889999,95.650002,96.449997,90.782951,42810000
7/15/14,96.800003,96.849998,95.029999,95.32,89.719353,45477900
7/16/14,96.970001,97.099998,94.739998,94.779999,89.211075,53396300
7/17/14,95.029999,95.279999,92.57,93.089996,87.620369,57298000
7/18/14,93.620003,94.739998,93.019997,94.43,88.881645,49988000
7/21/14,94.989998,95,93.720001,93.940002,88.420441,39079000
7/22/14,94.68,94.889999,94.120003,94.720001,89.15461,55197000
7/23/14,95.419998,97.879997,95.169998,97.190002,91.479477,92918000
7/24/14,97.040001,97.32,96.419998,97.029999,91.328888,45729000
7/25/14,96.849998,97.839996,96.639999,97.669998,91.931259,43469000
7/28/14,97.82,99.239998,97.550003,99.019997,93.201942,55318000
7/29/14,99.330002,99.440002,98.25,98.379997,92.599541,43143000
7/30/14,98.440002,98.699997,97.669998,98.150002,92.383072,33010000
7/31/14,97.160004,97.449997,95.330002,95.599998,89.982887,56843000
8/1/14,94.900002,96.620003,94.809998,96.129997,90.481758,48511000
8/4/14,96.370003,96.580002,95.169998,95.589996,89.973488,39958000
8/5/14,95.360001,95.68,94.360001,95.120003,89.531097,55933000
8/6/14,94.75,95.480003,94.709999,94.959999,89.380486,38558000
8/7/14,94.93,95.949997,94.099998,94.480003,89.37104,46711000
8/8/14,94.260002,94.82,93.279999,94.739998,89.616989,41865000
8/11/14,95.269997,96.080002,94.839996,95.989998,90.79937,36585000
8/12/14,96.040001,96.879997,95.610001,95.970001,90.780479,33795000
8/13/14,96.150002,97.239998,96.040001,97.239998,91.981789,31916000
8/14/14,97.330002,97.57,96.800003,97.5,92.227737,28116000
8/15/14,97.900002,98.190002,96.860001,97.980003,92.68177,48951000
8/18/14,98.489998,99.370003,97.980003,99.160004,93.797981,47572000
8/19/14,99.410004,100.68,99.32,100.529999,95.093887,69399000
8/20/14,100.440002,101.089996,99.949997,100.57,95.131729,52699000
8/21/14,100.57,100.940002,100.110001,100.580002,95.141182,33478000
8/22/14,100.290001,101.470001,100.190002,101.32,95.841164,44184000
8/25/14,101.790001,102.169998,101.279999,101.540001,96.049286,40270000
8/26/14,101.419998,101.5,100.860001,100.889999,95.434425,33152000
8/27/14,101.019997,102.57,100.699997,102.129997,96.607376,52369000
8/28/14,101.589996,102.779999,101.559998,102.25,96.720871,68460000
8/29/14,102.860001,102.900002,102.199997,102.5,96.957352,44595000
9/2/14,103.059998,103.739998,102.720001,103.300003,97.714119,53564000
9/3/14,103.099998,103.199997,98.580002,98.940002,93.589867,125421000
9/4/14,98.849998,100.089996,97.790001,98.120003,92.814201,85718000
9/5/14,98.800003,99.389999,98.309998,98.970001,93.61824,58457000
9/8/14,99.300003,99.309998,98.050003,98.360001,93.041229,46356700
9/9/14,99.080002,103.080002,96.139999,97.989998,92.691246,189846300
9/10/14,98.010002,101.110001,97.760002,101,95.538475,100869600
9/11/14,100.410004,101.440002,99.620003,101.43,95.945229,62353100
9/12/14,101.209999,102.190002,101.080002,101.660004,96.162788,62626100
9/15/14,102.809998,103.050003,101.440002,101.629997,96.134392,61316500
9/16/14,99.800003,101.260002,98.889999,100.860001,95.406036,66908100
9/17/14,101.269997,101.800003,100.589996,101.580002,96.087105,60926500
9/18/14,101.93,102.349998,101.559998,101.790001,96.285759,37299400
9/19/14,102.290001,102.349998,100.5,100.959999,95.500633,70902400
9/22/14,101.800003,102.139999,100.580002,101.059998,95.59523,52788400
9/23/14,100.599998,102.940002,100.540001,102.639999,97.089775,63402200
9/24/14,102.160004,102.849998,101.199997,101.75,96.247917,60171800
9/25/14,100.510002,100.709999,97.720001,97.870003,92.577736,100092000
9/26/14,98.529999,100.75,98.400002,100.75,95.301994,62370500
9/29/14,98.650002,100.440002,98.629997,100.110001,94.696594,49766300
9/30/14,100.809998,101.540001,100.529999,100.75,95.301994,55264100
10/1/14,100.589996,100.690002,98.699997,99.18,93.816879,51491300
10/2/14,99.269997,100.220001,98.040001,99.900002,94.497955,47757800
10/3/14,99.440002,100.209999,99.040001,99.620003,94.233101,43469600
10/6/14,99.949997,100.650002,99.419998,99.620003,94.233101,37051200
10/7/14,99.43,100.120003,98.730003,98.75,93.410141,42094200
10/8/14,98.760002,101.110001,98.309998,100.800003,95.349274,57404700
10/9/14,101.540001,102.379997,100.610001,101.019997,95.557373,77376500
10/10/14,100.690002,102.029999,100.300003,100.730003,95.283066,66331600
10/13/14,101.330002,101.779999,99.809998,99.809998,94.412827,53583400
10/14/14,100.389999,100.519997,98.57,98.75,93.410141,63688600
10/15/14,97.970001,99.150002,95.18,97.540001,92.265572,100933600
10/16/14,95.550003,97.720001,95.410004,96.260002,91.054794,72154500
10/17/14,97.5,99,96.809998,97.669998,92.388535,68179700
10/20/14,98.32,99.959999,98.220001,99.760002,94.365532,77517300
10/21/14,103.019997,103.019997,101.269997,102.470001,96.92897,94623900
10/22/14,102.839996,104.110001,102.599998,102.989998,97.420868,68263100
10/23/14,104.080002,105.050003,103.629997,104.830002,99.161377,71074700
10/24/14,105.18,105.489998,104.529999,105.220001,99.530258,47053900
10/27/14,104.849998,105.480003,104.699997,105.110001,99.426224,34187700
10/28/14,105.400002,106.739998,105.349998,106.739998,100.968079,48060900
10/29/14,106.650002,107.370003,106.360001,107.339996,101.535629,52687900
10/30/14,106.959999,107.349998,105.900002,106.980003,101.195114,40654800
10/31/14,108.010002,108.040001,107.209999,108,102.15995,44639300
11/3/14,108.220001,110.300003,108.010002,109.400002,103.484245,52282600
11/4/14,109.360001,109.489998,107.720001,108.599998,102.727509,41574400
11/5/14,109.099998,109.300003,108.129997,108.860001,102.97345,37435900
11/6/14,108.599998,108.790001,107.800003,108.699997,103.267952,34968500
11/7/14,108.75,109.32,108.550003,109.010002,103.562462,33691500
11/10/14,109.019997,109.330002,108.669998,108.830002,103.391457,27195500
11/11/14,108.699997,109.75,108.400002,109.699997,104.217972,27442300
11/12/14,109.379997,111.43,109.370003,111.25,105.690521,46942400
11/13/14,111.800003,113.449997,111.599998,112.82,107.182076,59522900
11/14/14,113.150002,114.190002,111.209999,114.18,108.474121,44063600
11/17/14,114.269997,117.279999,113.300003,113.989998,108.293594,46746700
11/18/14,113.940002,115.690002,113.889999,115.470001,109.699631,44224000
11/19/14,115.440002,115.739998,113.800003,114.669998,108.939629,41869200
11/20/14,114.910004,116.860001,114.849998,116.309998,110.497665,43395500
11/21/14,117.510002,117.57,116.029999,116.470001,110.649666,57179300
11/24/14,116.849998,118.769997,116.620003,118.629997,112.701721,47450800
11/25/14,119.07,119.75,117.449997,117.599998,111.72319,68840400
11/26/14,117.940002,119.099998,117.830002,119,113.053238,40768300
11/28/14,119.269997,119.400002,118.050003,118.93,112.986725,24814400
12/1/14,118.809998,119.25,111.269997,115.07,109.319611,83814000
12/2/14,113.5,115.75,112.75,114.629997,108.901619,59348900
12/3/14,115.75,116.349998,115.110001,115.93,110.136658,43063400
12/4/14,115.769997,117.199997,115.290001,115.489998,109.718643,42044500
12/5/14,115.989998,116.080002,114.639999,115,109.253128,38318900
12/8/14,114.099998,114.650002,111.620003,112.400002,106.783058,57664900
12/9/14,110.190002,114.300003,109.349998,114.120003,108.417107,60208000
12/10/14,114.410004,114.849998,111.540001,111.949997,106.355537,44565300
12/11/14,112.260002,113.800003,111.339996,111.620003,106.042046,41401700
12/12/14,110.459999,111.870003,109.580002,109.730003,104.24649,56028100
12/15/14,110.699997,111.599998,106.349998,108.230003,102.821449,67218100
12/16/14,106.370003,110.160004,106.260002,106.75,101.415398,60790700
12/17/14,107.120003,109.839996,106.82,109.410004,103.942474,53411800
12/18/14,111.870003,112.650002,110.660004,112.650002,107.020561,59006200
12/19/14,112.260002,113.239998,111.660004,111.779999,106.194031,88429800
12/22/14,112.160004,113.489998,111.970001,112.940002,107.296066,45167500
12/23/14,113.230003,113.330002,112.459999,112.540001,106.916069,26028400
12/24/14,112.580002,112.709999,112.010002,112.010002,106.412552,14479600
12/26/14,112.099998,114.519997,112.010002,113.989998,108.293594,33721000
12/29/14,113.790001,114.769997,113.699997,113.910004,108.217598,27598900
12/30/14,113.639999,113.919998,112.110001,112.519997,106.897041,29881500
12/31/14,112.82,113.129997,110.209999,110.379997,104.863991,41403400
1/2/15,111.389999,111.440002,107.349998,109.330002,103.86647,53204600
1/5/15,108.290001,108.650002,105.410004,106.25,100.940392,64285500
1/6/15,106.540001,107.43,104.629997,106.260002,100.94989,65797100
1/7/15,107.199997,108.199997,106.699997,107.75,102.36544,40105900
1/8/15,109.230003,112.150002,108.699997,111.889999,106.298531,59364500
1/9/15,112.669998,113.25,110.209999,112.010002,106.412552,53645500
1/12/15,112.599998,112.629997,108.800003,109.25,103.790474,49650800
1/13/15,111.43,112.800003,108.910004,110.220001,104.711998,67091900
1/14/15,109.040001,110.489998,108.5,109.800003,104.312988,48956600
1/15/15,110,110.059998,106.660004,106.82,101.481903,60014000
1/16/15,107.029999,107.580002,105.199997,105.989998,100.693382,78513300
1/20/15,107.839996,108.970001,106.5,108.720001,103.286957,49012100
1/21/15,108.949997,111.059998,108.269997,109.550003,104.075485,48575900
1/22/15,110.260002,112.470001,109.720001,112.400002,106.783058,53796400
1/23/15,112.300003,113.75,111.529999,112.980003,107.334084,46051200
1/26/15,113.739998,114.360001,112.800003,113.099998,107.448074,55615000
1/27/15,112.419998,112.480003,109.029999,109.139999,103.685966,95568700
1/28/15,117.629997,118.120003,115.309998,115.309998,109.547638,146477100
1/29/15,116.32,119.190002,115.559998,118.900002,112.958244,84436400
1/30/15,118.400002,120,116.849998,117.160004,111.305183,83745500
2/2/15,118.050003,119.169998,116.080002,118.629997,112.701721,62739100
2/3/15,118.5,119.089996,117.610001,118.650002,112.720718,51640300
2/4/15,118.5,120.510002,118.309998,119.559998,113.585258,70149700
2/5/15,120.019997,120.230003,119.25,119.940002,114.395966,42246200
2/6/15,120.019997,120.25,118.449997,118.93,113.43264,43372000
2/9/15,118.550003,119.839996,118.43,119.720001,114.186127,38889800
2/10/15,120.169998,122.150002,120.160004,122.019997,116.379814,62008500
2/11/15,122.769997,124.919998,122.5,124.879997,119.107613,73561800
2/12/15,126.059998,127.480003,125.57,126.459999,120.614594,74474500
2/13/15,127.279999,127.279999,125.650002,127.080002,121.205933,54272200
2/17/15,127.489998,128.880005,126.919998,127.830002,121.921249,63152400
2/18/15,127.629997,128.779999,127.449997,128.720001,122.770134,44082300
2/19/15,128.479996,129.029999,128.330002,128.449997,122.512596,37362400
2/20/15,128.619995,129.5,128.050003,129.5,123.514084,48948400
2/23/15,130.020004,133,129.660004,133,126.85228,70974100
2/24/15,132.940002,133.600006,131.169998,132.169998,126.060654,68977900
2/25/15,131.559998,131.600006,128.149994,128.789993,122.836899,74711700
2/26/15,128.789993,130.869995,126.610001,130.419998,124.391541,91287500
2/27/15,130,130.570007,128.240005,128.460007,122.522156,62014800
3/2/15,129.25,130.279999,128.300003,129.089996,123.123016,48096700
3/3/15,128.960007,129.520004,128.089996,129.360001,123.380539,37816300
3/4/15,129.100006,129.559998,128.320007,128.539993,122.598434,30977700
3/5/15,128.580002,128.75,125.760002,126.410004,120.56691,56517100
3/6/15,128.399994,129.369995,126.260002,126.599998,120.748108,72842100
3/9/15,127.959999,129.570007,125.059998,127.139999,121.263153,88528500
3/10/15,126.410004,127.220001,123.800003,124.510002,118.754723,68240700
3/11/15,124.75,124.769997,122.110001,122.239998,116.589638,68939000
3/12/15,122.309998,124.900002,121.629997,124.449997,118.697479,48362700
3/13/15,124.400002,125.400002,122.580002,123.589996,117.877243,51827300
3/16/15,123.879997,124.949997,122.870003,124.949997,119.174377,35874300
3/17/15,125.900002,127.32,125.650002,127.040001,121.16777,50839200
3/18/15,127,129.160004,126.370003,128.470001,122.531677,65059700
3/19/15,128.75,129.25,127.400002,127.5,121.606522,45809500
3/20/15,128.25,128.399994,125.160004,125.900002,120.080482,68695100
3/23/15,127.120003,127.849998,126.519997,127.209999,121.329918,36761000
3/24/15,127.230003,128.039993,126.559998,126.690002,120.833961,32842300
3/25/15,126.540001,126.82,123.379997,123.379997,117.676964,51655200
3/26/15,122.760002,124.879997,122.599998,124.239998,118.497215,47572900
3/27/15,124.57,124.699997,122.910004,123.25,117.552971,39395000
3/30/15,124.050003,126.400002,124,126.370003,120.528755,47099700
3/31/15,126.089996,126.489998,124.360001,124.43,118.678413,42090600
4/1/15,124.82,125.120003,123.099998,124.25,118.506744,40359200
4/2/15,125.029999,125.559998,124.190002,125.32,119.527283,32220100
4/6/15,124.470001,127.510002,124.330002,127.349998,121.46344,37194000
4/7/15,127.639999,128.119995,125.980003,126.010002,120.185402,35012300
4/8/15,125.849998,126.400002,124.970001,125.599998,119.794342,37329200
4/9/15,125.849998,126.580002,124.660004,126.559998,120.709961,32484000
4/10/15,125.949997,127.209999,125.260002,127.099998,121.225006,40188000
4/13/15,128.369995,128.570007,126.610001,126.849998,120.986565,36365100
4/14/15,127,127.290001,125.910004,126.300003,120.46199,25325100
4/15/15,126.410004,127.129997,126.010002,126.779999,120.919792,28970400
4/16/15,126.279999,127.099998,126.110001,126.169998,120.33799,28369000
4/17/15,125.550003,126.139999,124.459999,124.75,118.983627,51957000
4/20/15,125.57,128.119995,125.169998,127.599998,121.701889,46934400
4/21/15,128.100006,128.199997,126.669998,126.910004,121.0438,32435100
4/22/15,126.989998,128.869995,126.32,128.619995,122.674751,37654500
4/23/15,128.300003,130.419998,128.139999,129.669998,123.676208,45770900
4/24/15,130.490005,130.630005,129.229996,130.279999,124.257996,44525900
4/27/15,132.309998,133.130005,131.149994,132.649994,126.518456,96954200
4/28/15,134.460007,134.539993,129.570007,130.559998,124.525078,118924000
4/29/15,130.160004,131.589996,128.300003,128.639999,122.693825,63386100
4/30/15,128.639999,128.639999,124.580002,125.150002,119.365135,83195400
5/1/15,126.099998,130.130005,125.300003,128.949997,122.989487,58512600
5/4/15,129.5,130.570007,128.259995,128.699997,122.751053,50988300
5/5/15,128.149994,128.449997,125.779999,125.800003,119.985092,49271400
5/6/15,126.559998,126.75,123.360001,125.010002,119.231606,72141000
5/7/15,124.769997,126.080002,124.019997,125.260002,119.969086,43940900
5/8/15,126.68,127.620003,126.110001,127.620003,122.229424,55550400
5/11/15,127.389999,127.559998,125.629997,126.32,120.984306,42035800
5/12/15,125.599998,126.879997,124.82,125.870003,120.553329,48160000
5/13/15,126.150002,127.190002,125.870003,126.010002,120.687416,34694200
5/14/15,127.410004,128.949997,127.160004,128.949997,123.503227,45203500
5/15/15,129.070007,129.490005,128.210007,128.770004,123.330833,38208000
5/18/15,128.380005,130.720001,128.360001,130.190002,124.690865,50176600
5/19/15,130.690002,130.880005,129.639999,130.070007,124.575912,44633200
5/20/15,130,130.979996,129.339996,130.059998,124.566338,36454900
5/21/15,130.070007,131.630005,129.830002,131.389999,125.840164,39730400
5/22/15,131.600006,132.970001,131.399994,132.539993,126.941574,45596000
5/26/15,132.600006,132.910004,129.119995,129.619995,124.14492,70697600
5/27/15,130.339996,132.259995,130.050003,132.039993,126.462708,45833200
5/28/15,131.860001,131.949997,131.100006,131.779999,126.213676,30733300
5/29/15,131.229996,131.449997,129.899994,130.279999,124.777046,50338200
6/1/15,130.279999,131.389999,130.050003,130.539993,125.026062,32112800
6/2/15,129.860001,130.660004,129.320007,129.960007,124.470581,33556900
6/3/15,130.660004,130.940002,129.899994,130.119995,124.623802,30983500
6/4/15,129.580002,130.580002,128.910004,129.360001,123.895912,38450100
6/5/15,129.5,129.690002,128.360001,128.649994,123.215904,35626800
6/8/15,128.899994,129.210007,126.830002,127.800003,122.401802,52538200
6/9/15,126.699997,128.080002,125.620003,127.419998,122.037849,56075400
6/10/15,127.919998,129.339996,127.849998,128.880005,123.436188,39087300
6/11/15,129.179993,130.179993,128.479996,128.589996,123.158417,35390900
6/12/15,128.190002,128.330002,127.110001,127.169998,121.798416,36886200
6/15/15,126.099998,127.239998,125.709999,126.919998,121.558975,43988900
6/16/15,127.029999,127.849998,126.370003,127.599998,122.210251,31494100
6/17/15,127.720001,127.879997,126.739998,127.300003,121.92292,32918100
6/18/15,127.230003,128.309998,127.220001,127.879997,122.478409,35407200
6/19/15,127.709999,127.82,126.400002,126.599998,121.252487,54716900
6/22/15,127.489998,128.059998,127.080002,127.610001,122.219826,34039300
6/23/15,127.480003,127.610001,126.879997,127.029999,121.664322,30268900
6/24/15,127.209999,129.800003,127.120003,128.110001,122.698708,55280900
6/25/15,128.860001,129.199997,127.5,127.5,122.114471,31938100
6/26/15,127.669998,127.989998,126.510002,126.75,121.396149,44066800
6/29/15,125.459999,126.470001,124.480003,124.529999,119.269913,49161400
6/30/15,125.57,126.120003,124.860001,125.43,120.131905,44370700
7/1/15,126.900002,126.940002,125.989998,126.599998,121.252487,30238800
7/2/15,126.43,126.690002,125.769997,126.440002,121.099236,27211000
7/6/15,124.940002,126.230003,124.849998,126,120.677834,28060400
7/7/15,125.889999,126.150002,123.769997,125.690002,120.380928,46946800
7/8/15,124.480003,124.639999,122.540001,122.57,117.392715,60761600
7/9/15,123.849998,124.059998,119.220001,120.07,114.998314,78595000
7/10/15,121.940002,123.849998,121.209999,123.279999,118.072723,61354500
7/13/15,125.029999,125.760002,124.32,125.660004,120.352196,41440500
7/14/15,126.040001,126.370003,125.040001,125.610001,120.304298,31768100
7/15/15,125.720001,127.150002,125.580002,126.82,121.463196,33649200
7/16/15,127.739998,128.570007,127.349998,128.509995,123.081818,36222400
7/17/15,129.080002,129.619995,128.309998,129.619995,124.14492,46164700
7/20/15,130.970001,132.970001,130.699997,132.070007,126.491463,58900200
7/21/15,132.850006,132.919998,130.320007,130.75,125.227188,76756400
7/22/15,121.989998,125.5,121.989998,125.220001,119.930779,115450600
7/23/15,126.199997,127.089996,125.059998,125.160004,119.873306,50999500
7/24/15,125.32,125.739998,123.900002,124.5,119.241196,42162300
7/27/15,123.089996,123.610001,122.120003,122.769997,117.584259,44455500
7/28/15,123.379997,123.910004,122.550003,123.379997,118.168503,33618100
7/29/15,123.150002,123.5,122.269997,122.989998,117.794968,37011700
7/30/15,122.32,122.57,121.709999,122.370003,117.201164,33628300
7/31/15,122.599998,122.639999,120.910004,121.300003,116.176353,42885000
8/3/15,121.5,122.57,117.519997,118.440002,113.437157,69976000
8/4/15,117.419998,117.699997,113.25,114.639999,109.797668,124138600
8/5/15,112.949997,117.440002,112.099998,115.400002,110.525574,99312600
8/6/15,115.970001,116.5,114.120003,115.129997,110.76609,52903000
8/7/15,114.580002,116.25,114.5,115.519997,111.141319,38670400
8/10/15,116.529999,119.989998,116.529999,119.720001,115.182114,54951600
8/11/15,117.809998,118.18,113.330002,113.489998,109.188248,95711900
8/12/15,112.529999,115.419998,109.629997,115.239998,110.871918,101217500
8/13/15,116.040001,116.400002,114.540001,115.150002,110.785339,48535800
8/14/15,114.32,116.309998,114.010002,115.959999,111.564629,42693200
8/17/15,116.040001,117.650002,115.5,117.160004,112.719162,40884700
8/18/15,116.43,117.440002,116.010002,116.5,112.084152,34560700
8/19/15,116.099998,116.519997,114.68,115.010002,110.650642,48286500
8/20/15,114.080002,114.349998,111.629997,112.650002,108.380096,68501600
8/21/15,110.43,111.900002,105.650002,105.760002,101.751259,128275500
8/24/15,94.870003,103.449997,92,103.120003,99.211334,162206300
8/25/15,111.110001,111.110001,103.5,103.739998,99.807816,103601600
8/26/15,107.089996,109.889999,105.050003,109.690002,105.532295,96774600
8/27/15,112.230003,113.239998,110.019997,112.919998,108.639862,84616100
8/28/15,112.169998,113.309998,111.540001,113.290001,108.995834,53164400
8/31/15,112.029999,114.529999,112,112.760002,108.485931,55962800
9/1/15,110.150002,111.879997,107.360001,107.720001,103.636963,76845900
9/2/15,110.230003,112.339996,109.129997,112.339996,108.081833,61888800
9/3/15,112.489998,112.779999,110.040001,110.370003,106.186516,53233900
9/4/15,108.970001,110.449997,108.510002,109.269997,105.128212,49996300
9/8/15,111.75,112.559998,110.32,112.309998,108.052979,54843600
9/9/15,113.760002,114.019997,109.769997,110.150002,105.974854,84344400
9/10/15,110.269997,113.279999,109.900002,112.57,108.303116,62892800
9/11/15,111.790001,114.209999,111.760002,114.209999,109.880959,49915500
9/14/15,116.580002,116.889999,114.860001,115.309998,110.939262,58363400
9/15/15,115.93,116.529999,114.419998,116.279999,111.872498,43004100
9/16/15,116.25,116.540001,115.440002,116.410004,111.997581,37173500
9/17/15,115.660004,116.489998,113.720001,113.919998,109.601952,64112600
9/18/15,112.209999,114.300003,111.870003,113.449997,109.149773,73419000
9/21/15,113.669998,115.370003,113.660004,115.209999,110.843056,50222000
9/22/15,113.379997,114.18,112.519997,113.400002,109.101662,50346200
9/23/15,113.629997,114.720001,113.300003,114.32,109.986801,35756700
9/24/15,113.25,115.5,112.370003,115,110.641022,50219500
9/25/15,116.440002,116.690002,114.019997,114.709999,110.362015,56151900
9/28/15,113.849998,114.57,112.440002,112.440002,108.178062,52109000
9/29/15,112.830002,113.510002,107.860001,109.059998,104.926178,73365400
9/30/15,110.169998,111.540001,108.730003,110.300003,106.119179,66105000
10/1/15,109.07,109.620003,107.309998,109.580002,105.42646,63929100
10/2/15,108.010002,111.010002,107.550003,110.379997,106.196136,58019800
10/5/15,109.879997,111.370003,109.07,110.779999,106.580978,52064700
10/6/15,110.629997,111.739998,109.769997,111.309998,107.090881,48196800
10/7/15,111.739998,111.769997,109.410004,110.779999,106.580978,46765600
10/8/15,110.190002,110.190002,108.209999,109.5,105.349495,61979600
10/9/15,110,112.279999,109.489998,112.120003,107.870178,52766100
10/12/15,112.730003,112.75,111.440002,111.599998,107.369888,30467200
10/13/15,110.82,112.449997,110.68,111.790001,107.552696,33049300
10/14/15,111.290001,111.519997,109.559998,110.209999,106.032578,44462400
10/15/15,110.93,112.099998,110.489998,111.860001,107.620049,37673500
10/16/15,111.779999,112,110.529999,111.040001,106.831116,39232600
10/19/15,110.800003,111.75,110.110001,111.730003,107.494957,29759200
10/20/15,111.339996,114.169998,110.82,113.769997,109.457634,48778800
10/21/15,114,115.580002,113.699997,113.760002,109.448021,41795200
10/22/15,114.330002,115.5,114.099998,115.5,111.122078,41654100
10/23/15,116.699997,119.230003,116.330002,119.080002,114.566376,59366900
10/26/15,118.080002,118.129997,114.919998,115.279999,110.910416,66333800
10/27/15,115.400002,116.540001,113.989998,114.550003,110.208076,69884400
10/28/15,116.93,119.300003,116.059998,119.269997,114.749161,85551400
10/29/15,118.699997,120.690002,118.269997,120.529999,115.961411,50240800
10/30/15,120.989998,121.220001,119.449997,119.5,114.970459,49365300
11/2/15,120.800003,121.360001,119.610001,121.18,116.586769,32203300
11/3/15,120.790001,123.489998,120.699997,122.57,117.924095,45519000
11/4/15,123.129997,123.82,121.620003,122,117.375694,44343500
11/5/15,121.849998,122.690002,120.18,120.919998,116.834602,39552700
11/6/15,121.110001,121.809998,120.620003,121.059998,116.969872,33042300
11/9/15,120.959999,121.809998,120.050003,120.57,116.496429,33871400
11/10/15,116.900002,118.07,116.059998,116.769997,112.824814,59127900
11/11/15,116.370003,117.419998,115.209999,116.110001,112.187119,45218000
11/12/15,116.260002,116.82,115.650002,115.720001,111.810295,32525600
11/13/15,115.199997,115.57,112.269997,112.339996,108.544479,45812400
11/16/15,111.379997,114.239998,111,114.18,110.322327,38106700
11/17/15,114.919998,115.050003,113.32,113.690002,109.848885,27616900
11/18/15,115.760002,117.489998,115.5,117.290001,113.327248,46674700
11/19/15,117.639999,119.75,116.760002,118.779999,114.766914,43295800
11/20/15,119.199997,119.919998,118.849998,119.300003,115.269348,34287100
11/23/15,119.269997,119.730003,117.339996,117.75,113.771706,32482500
11/24/15,117.330002,119.349998,117.120003,118.879997,114.863525,42803200
11/25/15,119.209999,119.230003,117.919998,118.029999,114.042252,21388300
11/27/15,118.290001,118.410004,117.599998,117.809998,113.829681,13046400
11/30/15,117.989998,119.410004,117.75,118.300003,114.303123,39180300
12/1/15,118.75,118.809998,116.860001,117.339996,113.375557,34852400
12/2/15,117.339996,118.110001,116.080002,116.279999,112.351372,33386600
12/3/15,116.550003,116.790001,114.220001,115.199997,111.307861,41569500
12/4/15,115.290001,119.25,115.110001,119.029999,115.008461,57777000
12/7/15,118.980003,119.860001,117.809998,118.279999,114.283798,32084200
12/8/15,117.519997,118.599998,116.860001,118.230003,114.235489,34309500
12/9/15,117.639999,117.690002,115.080002,115.620003,111.713676,46361400
12/10/15,116.040001,116.940002,115.510002,116.169998,112.245087,29104200
12/11/15,115.190002,115.389999,112.849998,113.18,109.356125,46886200
12/14/15,112.18,112.68,109.790001,112.480003,108.679771,64318700
12/15/15,111.940002,112.800003,110.349998,110.489998,106.756989,53323100
12/16/15,111.07,111.989998,108.800003,111.339996,107.57827,56238500
12/17/15,112.019997,112.25,108.980003,108.980003,105.298019,44772800
12/18/15,108.910004,109.519997,105.809998,106.029999,102.44767,96453300
12/21/15,107.279999,107.370003,105.57,107.330002,103.703766,47590600
12/22/15,107.400002,107.720001,106.449997,107.230003,103.607155,32692300
12/23/15,107.269997,108.849998,107.199997,108.610001,104.940506,32657400
12/24/15,109,109,107.949997,108.029999,104.380112,13596700
12/28/15,107.589996,107.690002,106.18,106.82,103.210999,26586600
12/29/15,106.959999,109.43,106.860001,108.739998,105.066116,30931200
12/30/15,108.580002,108.699997,107.18,107.32,103.694107,25213800
12/31/15,107.010002,107.029999,104.82,105.260002,101.703697,40912300
1/4/16,102.610001,105.370003,102,105.349998,101.790649,67649400
1/5/16,105.75,105.849998,102.410004,102.709999,99.239845,55791000
1/6/16,100.559998,102.370003,99.870003,100.699997,97.29776,68457400
1/7/16,98.68,100.129997,96.43,96.449997,93.191338,81094400
1/8/16,98.550003,99.110001,96.760002,96.959999,93.68412,70798000
1/11/16,98.970001,99.059998,97.339996,98.529999,95.201073,49568300
1/12/16,100.550003,100.690002,98.839996,99.959999,96.582756,49154200
1/13/16,100.32,101.190002,97.300003,97.389999,94.099594,62439600
1/14/16,97.959999,100.480003,95.739998,99.519997,96.157608,63170100
1/15/16,96.199997,97.709999,95.360001,97.129997,93.848373,79833900
1/19/16,98.410004,98.650002,95.5,96.660004,93.394257,53087700
1/20/16,95.099998,98.190002,93.419998,96.790001,93.519867,72334400
1/21/16,97.059998,97.879997,94.940002,96.300003,93.046417,52161500
1/22/16,98.629997,101.459999,98.370003,101.419998,97.993423,65800500
1/25/16,101.519997,101.529999,99.209999,99.440002,96.080322,51794500
1/26/16,99.93,100.879997,98.07,99.989998,96.61174,63538300
1/27/16,96.040001,96.629997,93.339996,93.419998,90.263725,133369700
1/28/16,93.790001,94.519997,92.389999,94.089996,90.911087,55678800
1/29/16,94.790001,97.339996,94.349998,97.339996,94.05127,64416500
2/1/16,96.470001,96.709999,95.400002,96.43,93.172028,40943500
2/2/16,95.419998,96.040001,94.279999,94.480003,91.28791,37357200
2/3/16,95,96.839996,94.080002,96.349998,93.094734,45964300
2/4/16,95.860001,97.330002,95.190002,96.599998,93.842743,46263900
2/5/16,96.519997,96.919998,93.690002,94.019997,91.336388,46418100
2/8/16,93.129997,95.699997,93.040001,95.010002,92.298134,54021400
2/9/16,94.290001,95.940002,93.93,94.989998,92.278694,44262900
2/10/16,95.919998,96.349998,94.099998,94.269997,91.579254,42343600
2/11/16,93.790001,94.720001,92.589996,93.699997,91.025528,50074700
2/12/16,94.190002,94.5,93.010002,93.989998,91.307251,40351400
2/16/16,95.019997,96.849998,94.610001,96.639999,93.881607,49057900
2/17/16,96.669998,98.209999,96.150002,98.120003,95.319359,44863200
2/18/16,98.839996,98.889999,96.089996,96.260002,93.512459,39021000
2/19/16,96,96.760002,95.800003,96.040001,93.298737,35374200
2/22/16,96.309998,96.900002,95.919998,96.879997,94.114754,34280800
2/23/16,96.400002,96.5,94.550003,94.690002,91.987267,31942600
2/24/16,93.980003,96.379997,93.32,96.099998,93.357018,36255700
2/25/16,96.050003,96.760002,95.25,96.760002,93.998184,27393900
2/26/16,97.199997,98.019997,96.580002,96.910004,94.143906,28991100
2/29/16,96.860001,98.230003,96.650002,96.690002,93.930183,35216300
3/1/16,97.650002,100.769997,97.419998,100.529999,97.660561,50407100
3/2/16,100.510002,100.889999,99.639999,100.75,97.874298,33169600
3/3/16,100.580002,101.709999,100.449997,101.5,98.602882,36792200
3/4/16,102.370003,103.75,101.370003,103.010002,100.069786,46055100
3/7/16,102.389999,102.830002,100.959999,101.870003,98.962318,35828900
3/8/16,100.779999,101.760002,100.400002,101.029999,98.146294,31561900
3/9/16,101.309998,101.580002,100.269997,101.120003,98.233734,27201700
3/10/16,101.410004,102.239998,100.150002,101.169998,98.282295,33470400
3/11/16,102.239998,102.279999,101.5,102.260002,99.341187,27408200
3/14/16,101.910004,102.910004,101.779999,102.519997,99.593773,25076100
3/15/16,103.959999,105.18,103.849998,104.580002,101.594978,40067700
3/16/16,104.610001,106.309998,104.589996,105.970001,102.945305,38303500
3/17/16,105.519997,106.470001,104.959999,105.800003,102.780144,34420700
3/18/16,106.339996,106.5,105.190002,105.919998,102.896729,44205200
3/21/16,105.93,107.650002,105.139999,105.910004,102.887009,35502700
3/22/16,105.25,107.290001,105.209999,106.720001,103.673882,32444400
3/23/16,106.480003,107.07,105.900002,106.129997,103.100731,25703500
3/24/16,105.470001,106.25,104.889999,105.669998,102.653854,26133000
3/28/16,106,106.190002,105.059998,105.190002,102.187561,19411400
3/29/16,104.889999,107.790001,104.879997,107.68,104.606491,30774100
3/30/16,108.650002,110.419998,108.599998,109.559998,106.432831,45601100
3/31/16,109.720001,109.900002,108.879997,108.989998,105.879097,25888400
4/1/16,108.779999,110,108.199997,109.989998,106.850548,25874000
4/4/16,110.419998,112.190002,110.269997,111.120003,107.948303,37356200
4/5/16,109.510002,110.730003,109.419998,109.809998,106.675682,26578700
4/6/16,110.230003,110.980003,109.199997,110.959999,107.79287,26047800
4/7/16,109.949997,110.419998,108.120003,108.540001,105.441956,31801900
4/8/16,108.910004,109.769997,108.169998,108.660004,105.558517,23581700
4/11/16,108.970001,110.610001,108.830002,109.019997,105.908234,29407500
4/12/16,109.339996,110.5,108.660004,110.440002,107.287712,26812000
4/13/16,110.800003,112.339996,110.800003,112.040001,108.842041,33257300
4/14/16,111.620003,112.389999,111.330002,112.099998,108.900322,25337400
4/15/16,112.110001,112.300003,109.730003,109.849998,106.714546,46939000
4/18/16,108.889999,108.949997,106.940002,107.480003,104.412193,60834000
4/19/16,107.879997,108,106.230003,106.910004,103.858475,32384900
4/20/16,106.639999,108.089996,106.059998,107.129997,104.072182,30611000
4/21/16,106.93,106.93,105.519997,105.970001,102.945305,31552500
4/22/16,105.010002,106.480003,104.620003,105.68,102.663574,33683100
4/25/16,105,105.650002,104.510002,105.080002,102.080704,28031600
4/26/16,103.910004,105.300003,103.910004,104.349998,101.371529,56016200
4/27/16,96,98.709999,95.68,97.82,95.027931,114602100
4/28/16,97.610001,97.879997,94.25,94.830002,92.123268,82242700
4/29/16,93.989998,94.720001,92.510002,93.739998,91.064392,68531500
5/2/16,93.970001,94.080002,92.400002,93.639999,90.967239,48160100
5/3/16,94.199997,95.739998,93.68,95.18,92.46328,56831300
5/4/16,95.199997,95.900002,93.82,94.190002,91.501541,41025500
5/5/16,94,94.07,92.68,93.239998,91.130135,35890500
5/6/16,93.370003,93.449997,91.849998,92.720001,90.621895,43699900
5/9/16,93,93.769997,92.589996,92.790001,90.690315,32936400
5/10/16,93.330002,93.57,92.110001,93.419998,91.306053,33592500
5/11/16,93.480003,93.57,92.459999,92.510002,90.416656,28719100
5/12/16,92.720001,92.779999,89.470001,90.339996,88.295753,76314700
5/13/16,90,91.669998,90,90.519997,88.47168,44392800
5/16/16,92.389999,94.389999,91.650002,93.879997,91.755653,61259800
5/17/16,94.550003,94.699997,93.010002,93.489998,91.374474,46916900
5/18/16,94.160004,95.209999,93.889999,94.559998,92.420265,42062400
5/19/16,94.639999,94.639999,93.57,94.199997,92.068405,30442100
5/20/16,94.639999,95.43,94.519997,95.220001,93.065338,32026000
5/23/16,95.870003,97.190002,95.669998,96.43,94.24794,37860500
5/24/16,97.220001,98.089996,96.839996,97.900002,95.684692,35140200
5/25/16,98.669998,99.739998,98.110001,99.620003,97.365761,38168800
5/26/16,99.68,100.730003,98.639999,100.410004,98.137901,56093400
5/27/16,99.440002,100.470001,99.25,100.349998,98.079239,36341200
5/31/16,99.599998,100.400002,98.82,99.860001,97.600334,42307200
6/1/16,99.019997,99.540001,98.330002,98.459999,96.232025,29173300
6/2/16,97.599998,97.839996,96.629997,97.720001,95.508759,40004100
6/3/16,97.790001,98.269997,97.449997,97.919998,95.704224,28504900
6/6/16,97.989998,101.889999,97.550003,98.629997,96.398163,23292500
6/7/16,99.25,99.870003,98.959999,99.029999,96.789108,22409500
6/8/16,99.019997,99.559998,98.68,98.940002,96.701157,20848100
6/9/16,98.5,99.989998,98.459999,99.650002,97.395081,26601400
6/10/16,98.529999,99.349998,98.480003,98.830002,96.593636,31712900
6/13/16,98.690002,99.120003,97.099998,97.339996,95.137352,38020500
6/14/16,97.32,98.480003,96.75,97.459999,95.254646,31931900
6/15/16,97.82,98.410004,97.029999,97.139999,94.941887,29445200
6/16/16,96.449997,97.75,96.07,97.550003,95.342613,31326800
6/17/16,96.620003,96.650002,95.300003,95.330002,93.172836,61008200
6/20/16,96,96.57,95.029999,95.099998,92.948044,34411900
6/21/16,94.940002,96.349998,94.68,95.910004,93.739723,35546400
6/22/16,96.25,96.889999,95.349998,95.550003,93.387871,29219100
6/23/16,95.940002,96.290001,95.25,96.099998,93.925415,32240200
6/24/16,92.910004,94.660004,92.650002,93.400002,91.286514,75311400
6/27/16,93,93.050003,91.5,92.040001,89.957291,45489600
6/28/16,92.900002,93.660004,92.139999,93.589996,91.472214,40444900
6/29/16,93.970001,94.550003,93.629997,94.400002,92.263885,36531000
6/30/16,94.440002,95.769997,94.300003,95.599998,93.436729,35836400
7/1/16,95.489998,96.470001,95.330002,95.889999,93.720169,26026500
7/5/16,95.389999,95.400002,94.459999,94.989998,92.840523,27705200
7/6/16,94.599998,95.660004,94.370003,95.529999,93.368317,30949100
7/7/16,95.699997,96.5,95.620003,95.940002,93.769043,24280900
7/8/16,96.489998,96.889999,96.050003,96.68,94.492294,28912100
7/11/16,96.75,97.650002,96.730003,96.980003,94.7855,23794900
7/12/16,97.169998,97.699997,97.120003,97.419998,95.215546,24167500
7/13/16,97.410004,97.669998,96.839996,96.870003,94.678001,25892200
7/14/16,97.389999,98.989998,97.32,98.790001,96.554558,38919000
7/15/16,98.919998,99.300003,98.5,98.779999,96.544777,30137000
7/18/16,98.699997,100.129997,98.599998,99.830002,97.571014,36493900
7/19/16,99.559998,100,99.339996,99.870003,97.610107,23779900
7/20/16,100,100.459999,99.739998,99.959999,97.698074,26276000
7/21/16,99.830002,101,99.129997,99.43,97.180069,32702000
7/22/16,99.260002,99.300003,98.309998,98.660004,96.42749,28313700
7/25/16,98.25,98.839996,96.919998,97.339996,95.137352,40382900
7/26/16,96.82,97.970001,96.419998,96.669998,94.482521,56239800
7/27/16,104.269997,104.349998,102.75,102.949997,100.620415,90898300
7/28/16,102.830002,104.449997,102.82,104.339996,101.978951,39869800
7/29/16,104.190002,104.550003,103.68,104.209999,101.851898,27733700
8/1/16,104.410004,106.150002,104.410004,106.050003,103.650261,38167900
8/2/16,106.050003,106.07,104,104.480003,102.115791,33816600
8/3/16,104.809998,105.839996,104.769997,105.790001,103.396149,30202600
8/4/16,105.580002,106,105.279999,105.870003,104.034889,25737800
8/5/16,106.269997,107.650002,106.18,107.480003,105.616966,40553400
8/8/16,107.519997,108.370003,107.160004,108.370003,106.491547,28037200
8/9/16,108.230003,108.940002,108.010002,108.809998,106.92392,26315200
8/10/16,108.709999,108.900002,107.760002,108,106.12796,24008500
8/11/16,108.519997,108.93,107.849998,107.93,106.059174,24427700
8/12/16,107.779999,108.440002,107.779999,108.18,106.30484,18660400
8/15/16,108.139999,109.540001,108.080002,109.480003,107.582306,25868200
8/16/16,109.629997,110.230003,109.209999,109.379997,107.484032,33794400
8/17/16,109.099998,109.370003,108.339996,109.220001,107.32682,25356000
8/18/16,109.230003,109.599998,109.019997,109.080002,107.189247,21984700
8/19/16,108.769997,109.690002,108.360001,109.360001,107.464386,25368100
8/22/16,108.860001,109.099998,107.849998,108.510002,106.62912,25820200
8/23/16,108.589996,109.32,108.529999,108.849998,106.963219,21257700
8/24/16,108.57,108.75,107.68,108.029999,106.15744,23675100
8/25/16,107.389999,107.879997,106.68,107.57,105.705414,25086200
8/26/16,107.410004,107.949997,106.309998,106.940002,105.086334,27766300
8/29/16,106.620003,107.440002,106.290001,106.82,104.968414,24770200
8/30/16,105.800003,106.5,105.5,106,104.162621,24863900
8/31/16,105.660004,106.57,105.639999,106.099998,104.260887,29662400
9/1/16,106.139999,106.800003,105.620003,106.730003,104.879982,26701500
9/2/16,107.699997,108,106.82,107.730003,105.862648,26802500
9/6/16,107.900002,108.300003,107.510002,107.699997,105.833153,26880400
9/7/16,107.830002,108.760002,107.07,108.360001,106.48172,42364300
9/8/16,107.25,107.269997,105.239998,105.519997,103.690956,52590800
9/9/16,104.639999,105.720001,103.129997,103.129997,101.342369,46557000
9/12/16,102.650002,105.720001,102.529999,105.440002,103.612335,45292800
9/13/16,107.510002,108.790001,107.239998,107.949997,106.078827,62176200
9/14/16,108.730003,113.029999,108.599998,111.769997,109.832603,110888700
9/15/16,113.860001,115.730003,113.489998,115.57,113.566742,89983600
9/16/16,115.120003,116.129997,114.040001,114.919998,112.928009,79886900
9/19/16,115.190002,116.18,113.25,113.580002,111.611237,46852700
9/20/16,113.050003,114.120003,112.510002,113.57,111.60141,34514300
9/21/16,113.849998,113.989998,112.440002,113.550003,111.581757,36003200
9/22/16,114.349998,114.940002,114,114.620003,112.633217,31074000
9/23/16,114.419998,114.790001,111.550003,112.709999,110.756317,52481200
9/26/16,111.639999,113.389999,111.550003,112.879997,110.923363,29869400
9/27/16,113,113.18,112.339996,113.089996,111.129723,24607400
9/28/16,113.690002,114.639999,113.43,113.949997,111.974823,29641100
9/29/16,113.160004,113.800003,111.800003,112.18,110.235504,35887000
9/30/16,112.459999,113.370003,111.800003,113.050003,111.090431,36379100
10/3/16,112.709999,113.050003,112.279999,112.519997,110.569603,21701800
10/4/16,113.059998,114.309998,112.629997,113,111.04129,29736800
10/5/16,113.400002,113.660004,112.690002,113.050003,111.090431,21453100
10/6/16,113.699997,114.339996,113.129997,113.889999,111.915863,28779300
10/7/16,114.309998,114.559998,113.510002,114.059998,112.082916,24358400
10/10/16,115.019997,116.75,114.720001,116.050003,114.038429,35826200
10/11/16,117.699997,118.690002,116.199997,116.300003,114.284088,64041000
10/12/16,117.349998,117.980003,116.75,117.339996,115.306061,37586800
10/13/16,116.790001,117.440002,115.720001,116.980003,114.952301,35192400
10/14/16,117.879997,118.169998,117.129997,117.629997,115.591034,35652200
10/17/16,117.330002,117.839996,116.779999,117.550003,115.512428,23624900
10/18/16,118.18,118.209999,117.449997,117.470001,115.433815,24250700
10/19/16,117.25,117.760002,113.800003,117.120003,115.089874,20034600
10/20/16,116.860001,117.379997,116.330002,117.059998,115.030914,24125800
10/21/16,116.809998,116.910004,116.279999,116.599998,114.57888,23192700
10/24/16,117.099998,117.739998,117,117.650002,115.61068,23538700
10/25/16,117.949997,118.360001,117.309998,118.25,116.200294,48129000
10/26/16,114.309998,115.699997,113.309998,115.589996,113.586395,66134200
10/27/16,115.389999,115.860001,114.099998,114.480003,112.495644,34562000
10/28/16,113.870003,115.209999,113.449997,113.720001,111.748817,37861700
10/31/16,113.650002,114.230003,113.199997,113.540001,111.57193,26419400
11/1/16,113.459999,113.769997,110.529999,111.489998,109.557465,43825800
11/2/16,111.400002,112.349998,111.230003,111.589996,109.655731,28331700
11/3/16,110.980003,111.459999,109.550003,109.830002,108.480354,26932600
11/4/16,108.529999,110.25,108.110001,108.839996,107.502518,30837000
11/7/16,110.080002,110.510002,109.459999,110.410004,109.053238,32560000
11/8/16,110.309998,111.720001,109.699997,111.059998,109.695236,24054500
11/9/16,109.879997,111.32,108.050003,110.879997,109.517456,59176400
11/10/16,111.089996,111.089996,105.830002,107.790001,106.465424,57134500
11/11/16,107.120003,108.870003,106.550003,108.43,107.097557,34143900
11/14/16,107.709999,107.809998,104.080002,105.709999,104.41098,50872500
11/15/16,106.57,107.68,106.160004,107.110001,105.793777,32264500
11/16/16,106.699997,110.230003,106.599998,109.989998,108.638382,58702500
11/17/16,109.809998,110.349998,108.830002,109.949997,108.598877,27632000
11/18/16,109.720001,110.540001,109.660004,110.059998,108.707527,28428900
11/21/16,110.120003,111.989998,110.010002,111.730003,110.35701,29264600
11/22/16,111.949997,112.419998,111.400002,111.800003,110.426147,25965500
11/23/16,111.360001,111.510002,110.330002,111.230003,109.863159,27387900
11/25/16,111.129997,111.870003,110.949997,111.790001,110.416275,11475900
11/28/16,111.43,112.470001,111.389999,111.57,110.198975,27194000
11/29/16,110.779999,112.029999,110.07,111.459999,110.090332,28528800
11/30/16,111.599998,112.199997,110.269997,110.519997,109.16188,36162300
12/1/16,110.370003,110.940002,109.029999,109.489998,108.144531,37086900
12/2/16,109.169998,110.089996,108.849998,109.900002,108.5495,26528000
12/5/16,110,110.029999,108.25,109.110001,107.769203,34324500
12/6/16,109.5,110.360001,109.190002,109.949997,108.598877,26195500
12/7/16,109.260002,111.190002,109.160004,111.029999,109.665604,29998700
12/8/16,110.860001,112.43,110.599998,112.120003,110.742218,27068300
12/9/16,112.309998,114.699997,112.309998,113.949997,112.549728,34402600
12/12/16,113.290001,115,112.489998,113.300003,111.907722,26374400
12/13/16,113.839996,115.919998,113.75,115.190002,113.77449,43733800
12/14/16,115.040001,116.199997,114.980003,115.190002,113.77449,34031800
12/15/16,115.379997,116.730003,115.230003,115.82,114.396751,46524500
12/16/16,116.470001,116.5,115.650002,115.970001,114.544907,44055400
12/19/16,115.800003,117.379997,115.75,116.639999,115.206673,27779400
12/20/16,116.739998,117.5,116.68,116.949997,115.512863,21425000
12/21/16,116.800003,117.400002,116.779999,117.059998,115.621513,23783200
12/22/16,116.349998,116.510002,115.639999,116.290001,114.860977,26085900
12/23/16,115.589996,116.519997,115.589996,116.519997,115.088142,14181200
12/27/16,116.519997,117.800003,116.489998,117.260002,115.819054,18296900
12/28/16,117.519997,118.019997,116.199997,116.760002,115.325203,20905900
12/29/16,116.449997,117.110001,116.400002,116.730003,115.29557,14963300
12/30/16,116.650002,117.199997,115.43,115.82,114.396751,30586300
1/3/17,115.800003,116.330002,114.760002,116.150002,114.722694,28781900
1/4/17,115.849998,116.510002,115.75,116.019997,114.594292,21118100
1/5/17,115.919998,116.860001,115.809998,116.610001,115.17704,22193600
1/6/17,116.779999,118.160004,116.470001,117.910004,116.461075,31751900
1/9/17,117.949997,119.43,117.940002,118.989998,117.527794,33387600
1/10/17,118.769997,119.379997,118.300003,119.110001,117.646317,24462100
1/11/17,118.739998,119.93,118.599998,119.75,118.278458,27588600
1/12/17,118.900002,119.300003,118.209999,119.25,117.784599,27002400
1/13/17,119.110001,119.620003,118.809998,119.040001,117.577179,26111900
1/17/17,118.339996,120.239998,118.220001,120,118.525383,34078600
1/18/17,120,120.5,119.709999,119.989998,118.515503,23713000
1/19/17,119.400002,120.089996,119.370003,119.779999,118.308083,25295700
1/20/17,120.449997,120.449997,119.730003,120,118.525383,32597900
1/23/17,120,120.809998,119.769997,120.080002,118.604401,22050200
1/24/17,119.550003,120.099998,119.5,119.970001,118.495758,23211000
1/25/17,120.419998,122.099998,120.279999,121.879997,120.382278,32377600
1/26/17,121.669998,122.440002,121.599998,121.940002,120.441551,26337600
1/27/17,122.139999,122.349998,121.599998,121.949997,120.451416,20437400
1/30/17,120.93,121.629997,120.660004,121.629997,120.135345,30377500
1/31/17,121.150002,121.389999,120.620003,121.349998,119.858795,49201000
2/1/17,127.029999,130.490005,127.010002,128.75,127.167854,111985000
2/2/17,127.980003,129.389999,127.779999,128.529999,126.950554,33710400
2/3/17,128.309998,129.190002,128.160004,129.080002,127.493805,24507300
2/6/17,129.130005,130.5,128.899994,130.289993,128.688934,26845900
2/7/17,130.539993,132.089996,130.449997,131.529999,129.913696,38183800
2/8/17,131.350006,132.220001,131.220001,132.039993,130.417435,23004100
2/9/17,131.649994,132.449997,131.119995,132.419998,131.359818,27991000
2/10/17,132.460007,132.940002,132.050003,132.119995,131.062225,20065500
2/13/17,133.080002,133.820007,132.75,133.289993,132.222839,23035400
2/14/17,133.470001,135.089996,133.25,135.020004,133.939011,32815500
2/15/17,135.520004,136.270004,134.619995,135.509995,134.425079,35623100
2/16/17,135.669998,135.899994,134.839996,135.350006,134.266357,22584600
2/17/17,135.100006,135.830002,135.100006,135.720001,134.633408,22198200
2/21/17,136.229996,136.75,135.979996,136.699997,135.60556,24507200
2/22/17,136.429993,137.119995,136.110001,137.110001,136.012268,20745300
2/23/17,137.380005,137.479996,136.300003,136.529999,135.43692,20788200
2/24/17,135.910004,136.660004,135.279999,136.660004,135.565887,21776600
2/27/17,137.139999,137.440002,136.279999,136.929993,135.83371,20257400
2/28/17,137.080002,137.440002,136.699997,136.990005,135.89325,23482900
3/1/17,137.889999,140.149994,137.600006,139.789993,138.670807,36414600
3/2/17,140,140.279999,138.759995,138.960007,137.847473,26211000
3/3/17,138.779999,139.830002,138.589996,139.779999,138.660889,21108100
3/6/17,139.369995,139.770004,138.600006,139.339996,138.224426,21750000
3/7/17,139.059998,139.979996,138.789993,139.520004,138.402985,17446300
3/8/17,138.949997,139.800003,138.820007,139,137.887146,18707200
3/9/17,138.740005,138.789993,137.050003,138.679993,137.569687,22155900
3/10/17,139.25,139.360001,138.639999,139.139999,138.026016,19612800
3/13/17,138.850006,139.429993,138.820007,139.199997,138.085541,17421700
3/14/17,139.300003,139.649994,138.839996,138.990005,137.877228,15309100
3/15/17,139.410004,140.75,139.029999,140.460007,139.335464,25691800
3/16/17,140.720001,141.020004,140.259995,140.690002,139.563614,19232000
3/17/17,141,141,139.889999,139.990005,138.869217,43885000
3/20/17,140.399994,141.5,140.229996,141.460007,140.327454,21542000
3/21/17,142.110001,142.800003,139.729996,139.839996,138.720413,39529900
3/22/17,139.850006,141.600006,139.759995,141.419998,140.287766,25860200
3/23/17,141.259995,141.580002,140.610001,140.919998,139.791763,20346300
3/24/17,141.5,141.740005,140.350006,140.639999,139.514008,22395600
3/27/17,139.389999,141.220001,138.619995,140.880005,139.752106,23575100
3/28/17,140.910004,144.039993,140.619995,143.800003,142.648712,33374800
3/29/17,143.679993,144.490005,143.190002,144.119995,142.966141,29190000
3/30/17,144.190002,144.5,143.5,143.929993,142.777664,21207300
3/31/17,143.720001,144.270004,143.009995,143.660004,142.509842,19661700
4/3/17,143.710007,144.119995,143.050003,143.699997,142.549515,19985700
4/4/17,143.25,144.889999,143.169998,144.770004,143.610962,19891400
4/5/17,144.220001,145.460007,143.809998,144.020004,142.866959,27717900
4/6/17,144.289993,144.520004,143.449997,143.660004,142.509842,21149000
4/7/17,143.729996,144.179993,143.270004,143.339996,142.192398,16672200
4/10/17,143.600006,143.880005,142.899994,143.169998,142.023758,18933400
4/11/17,142.940002,143.350006,140.059998,141.630005,140.496094,30379400
4/12/17,141.600006,142.149994,141.009995,141.800003,140.664734,20350000
4/13/17,141.910004,142.380005,141.050003,141.050003,139.920731,17822900
4/17/17,141.479996,141.880005,140.869995,141.830002,140.694489,16582100
4/18/17,141.410004,142.039993,141.110001,141.199997,140.069519,14697500
4/19/17,141.880005,142,140.449997,140.679993,139.553696,17328400
4/20/17,141.220001,142.919998,141.160004,142.440002,141.299591,23319600
4/21/17,142.440002,142.679993,141.850006,142.270004,141.130966,17320900
4/24/17,143.5,143.949997,143.179993,143.639999,142.48999,17134300
4/25/17,143.910004,144.899994,143.869995,144.529999,143.372864,18871500
4/26/17,144.470001,144.600006,143.380005,143.679993,142.529663,20041200
4/27/17,143.919998,144.160004,143.309998,143.789993,142.638794,14246300
4/28/17,144.089996,144.300003,143.270004,143.649994,142.499893,20860400
5/1/17,145.100006,147.199997,144.960007,146.580002,145.406448,33602900
5/2/17,147.539993,148.089996,146.839996,147.509995,146.32901,45352200
5/3/17,145.589996,147.490005,144.270004,147.059998,145.882614,45697000
5/4/17,146.520004,147.139999,145.809998,146.529999,145.356857,23371900
5/5/17,146.759995,148.979996,146.759995,148.960007,147.76741,27327700
5/8/17,149.029999,153.699997,149.029999,153.009995,151.784973,48752400
5/9/17,153.869995,154.880005,153.449997,153.990005,152.757141,39130400
5/10/17,153.630005,153.940002,152.110001,153.259995,152.032974,25805700
5/11/17,152.449997,154.070007,152.309998,153.949997,153.347809,27255100
5/12/17,154.699997,156.419998,154.669998,156.100006,155.48941,32527000
5/15/17,156.009995,156.649994,155.050003,155.699997,155.090958,26009700
5/16/17,155.940002,156.059998,154.720001,155.470001,154.861862,20048500
5/17/17,153.600006,154.570007,149.710007,150.25,149.662277,50767700
5/18/17,151.270004,153.339996,151.130005,152.539993,151.943314,33568200
5/19/17,153.380005,153.979996,152.630005,153.059998,152.461288,26960800
5/22/17,154,154.580002,152.910004,153.990005,153.38765,22966400
5/23/17,154.899994,154.899994,153.309998,153.800003,153.198395,19918900
5/24/17,153.839996,154.169998,152.669998,153.339996,152.740189,19178000
5/25/17,153.729996,154.350006,153.029999,153.869995,153.268112,19235600
5/26/17,154,154.240005,153.309998,153.610001,153.00914,21701100
5/30/17,153.419998,154.429993,153.330002,153.669998,153.068893,20126900
5/31/17,153.970001,154.169998,152.380005,152.759995,152.16246,24451200
6/1/17,153.169998,153.330002,152.220001,153.179993,152.580811,16404100
6/2/17,153.580002,155.449997,152.889999,155.449997,154.841934,27770700
6/5/17,154.339996,154.449997,153.460007,153.929993,153.327881,25331700
6/6/17,153.899994,155.809998,153.779999,154.449997,153.845856,26624900
6/7/17,155.020004,155.979996,154.479996,155.369995,154.762253,21069600
6/8/17,155.25,155.539993,154.399994,154.990005,154.383743,21250800
6/9/17,155.190002,155.190002,146.020004,148.979996,148.397247,64882700
6/12/17,145.740005,146.089996,142.509995,145.419998,144.851166,72307300
6/13/17,147.160004,147.449997,145.149994,146.589996,146.016586,34165400
6/14/17,147.5,147.5,143.839996,145.160004,144.592194,31531200
6/15/17,143.320007,144.479996,142.210007,144.289993,143.725586,32165400
6/16/17,143.779999,144.5,142.199997,142.270004,141.713501,50361100
6/19/17,143.660004,146.740005,143.660004,146.339996,145.767578,32541400
6/20/17,146.869995,146.869995,144.940002,145.009995,144.442764,24900100
6/21/17,145.520004,146.070007,144.610001,145.869995,145.299408,21265800
6/22/17,145.770004,146.699997,145.119995,145.630005,145.060364,19106300
6/23/17,145.130005,147.160004,145.110001,146.279999,145.707809,35439400
6/26/17,147.169998,148.279999,145.380005,145.820007,145.249619,25692400
6/27/17,145.009995,146.160004,143.619995,143.729996,143.167786,24761900
6/28/17,144.490005,146.110001,143.160004,145.830002,145.259567,22082400
6/29/17,144.710007,145.130005,142.279999,143.679993,143.117966,31499400
6/30/17,144.449997,144.960007,143.779999,144.020004,143.45665,23024100
7/3/17,144.880005,145.300003,143.100006,143.5,142.93869,14277800
7/5/17,143.690002,144.789993,142.720001,144.089996,143.526367,21569600
7/6/17,143.020004,143.5,142.410004,142.729996,142.171692,23510000
7/7/17,142.899994,144.75,142.899994,144.179993,143.616013,19201700
7/10/17,144.110001,145.949997,143.369995,145.059998,144.492584,21090600
7/11/17,144.729996,145.850006,144.380005,145.529999,144.960739,19781800
7/12/17,145.869995,146.179993,144.820007,145.740005,145.169922,24884500
7/13/17,145.5,148.490005,145.440002,147.770004,147.191986,25199400
7/14/17,147.970001,149.330002,147.330002,149.039993,148.457001,20132100
7/17/17,148.820007,150.899994,148.570007,149.559998,148.974976,23793500
7/18/17,149.199997,150.130005,148.669998,150.080002,149.49295,17868800
7/19/17,150.479996,151.419998,149.949997,151.020004,150.429276,20923000
7/20/17,151.5,151.740005,150.190002,150.339996,149.751923,17243700
7/21/17,149.990005,150.440002,148.880005,150.270004,149.682205,26252600
7/24/17,150.580002,152.440002,149.899994,152.089996,151.495071,21493200
7/25/17,151.800003,153.839996,151.800003,152.740005,152.142548,18853900
7/26/17,153.350006,153.929993,153.059998,153.460007,152.859726,15781000
7/27/17,153.75,153.990005,147.300003,150.559998,149.971069,32476300
7/28/17,149.889999,150.229996,149.190002,149.5,148.915207,17213700
7/31/17,149.899994,150.330002,148.130005,148.729996,148.148224,19845900
8/1/17,149.100006,150.220001,148.410004,150.050003,149.463058,35368600
8/2/17,159.279999,159.75,156.160004,157.139999,156.52533,69936800
8/3/17,157.050003,157.210007,155.020004,155.570007,154.961472,27097300
8/4/17,156.070007,157.399994,155.690002,156.389999,155.778259,20559900
8/7/17,157.059998,158.919998,156.669998,158.809998,158.188797,21870300
8/8/17,158.600006,161.830002,158.270004,160.080002,159.453827,36205900
8/9/17,159.259995,161.270004,159.110001,161.059998,160.429993,26131500
8/10/17,159.899994,160,154.630005,155.320007,155.320007,40804300
8/11/17,156.600006,158.570007,156.070007,157.479996,157.479996,26257100
8/14/17,159.320007,160.210007,158.75,159.850006,159.850006,22028200
8/15/17,160.660004,162.199997,160.139999,161.600006,161.600006,29465500
8/16/17,161.940002,162.509995,160.149994,160.949997,160.949997,27671600
8/17/17,160.520004,160.710007,157.839996,157.860001,157.860001,27940600
8/18/17,157.860001,159.5,156.720001,157.5,157.5,27428100
8/21/17,157.5,157.889999,155.110001,157.210007,157.210007,26368500
8/22/17,158.229996,160,158.020004,159.779999,159.779999,21604600
8/23/17,159.070007,160.470001,158.880005,159.979996,159.979996,19399100
8/24/17,160.429993,160.740005,158.550003,159.270004,159.270004,19818900
8/25/17,159.649994,160.559998,159.270004,159.860001,159.860001,25480100
8/28/17,160.139999,162,159.929993,161.470001,161.470001,25966000
8/29/17,160.100006,163.119995,160,162.910004,162.910004,29516900
8/30/17,163.800003,163.889999,162.610001,163.350006,163.350006,27269600
8/31/17,163.639999,164.520004,163.479996,164,164,26785100
9/1/17,164.800003,164.940002,163.630005,164.050003,164.050003,16591100
9/5/17,163.75,164.25,160.559998,162.080002,162.080002,29468500
9/6/17,162.710007,162.990005,160.520004,161.910004,161.910004,21651700
9/7/17,162.089996,162.240005,160.360001,161.259995,161.259995,21928500
9/8/17,160.860001,161.149994,158.529999,158.630005,158.630005,28611500
9/11/17,160.5,162.050003,159.889999,161.5,161.5,31580800
9/12/17,162.610001,163.960007,158.770004,160.860001,160.860001,71714000
9/13/17,159.869995,159.960007,157.910004,159.649994,159.649994,44907400
9/14/17,158.990005,159.399994,158.089996,158.279999,158.279999,23760700
9/15/17,158.470001,160.970001,158,159.880005,159.880005,49114600
9/18/17,160.110001,160.5,158,158.669998,158.669998,28269400
9/19/17,159.509995,159.770004,158.440002,158.729996,158.729996,20810600
9/20/17,157.899994,158.259995,153.830002,156.070007,156.070007,52951400
9/21/17,155.800003,155.800003,152.75,153.389999,153.389999,37511700
9/22/17,151.539993,152.270004,150.559998,151.889999,151.889999,46645400
9/25/17,149.990005,151.830002,149.160004,150.550003,150.550003,44387300
9/26/17,151.779999,153.919998,151.690002,153.139999,153.139999,36660000
9/27/17,153.800003,154.720001,153.539993,154.229996,154.229996,25504200
9/28/17,153.889999,154.279999,152.699997,153.279999,153.279999,22005500
9/29/17,153.210007,154.130005,152,154.119995,154.119995,26299800
10/2/17,154.259995,154.449997,152.720001,153.809998,153.809998,18698800
10/3/17,154.009995,155.089996,153.910004,154.479996,154.479996,16230300
10/4/17,153.630005,153.860001,152.460007,153.479996,153.479996,20163800
10/5/17,154.179993,155.440002,154.050003,155.389999,155.389999,21283800
10/6/17,154.970001,155.490005,154.559998,155.300003,155.300003,17407600
10/9/17,155.809998,156.729996,155.490005,155.839996,155.839996,16228900